Date,Team,TeamPoints,OppTeam,OpponentPoints
"Tue, Oct 22, 2019",TOR,130,NO,122
"Tue, Oct 22, 2019",LAC,112,LAL,102
"Wed, Oct 23, 2019",CHA,126,CHI,125
"Wed, Oct 23, 2019",IND,110,DET,119
"Wed, Oct 23, 2019",ORL,94,CLE,85
"Wed, Oct 23, 2019",BRK,126,MIN,127
"Wed, Oct 23, 2019",MIA,120,MEM,101
"Wed, Oct 23, 2019",PHI,107,BOS,93
"Wed, Oct 23, 2019",DAL,108,WAS,100
"Wed, Oct 23, 2019",SAS,120,NYK,111
"Wed, Oct 23, 2019",UTA,100,OKC,95
"Wed, Oct 23, 2019",PHX,124,SAC,95
"Wed, Oct 23, 2019",POR,100,DEN,108
"Thu, Oct 24, 2019",DET,100,ATL,117
"Thu, Oct 24, 2019",HOU,111,MIL,117
"Thu, Oct 24, 2019",GSW,122,LAC,141
"Fri, Oct 25, 2019",BOS,112,TOR,106
"Fri, Oct 25, 2019",CHA,99,MIN,121
"Fri, Oct 25, 2019",BRK,113,NYK,109
"Fri, Oct 25, 2019",MEM,102,CHI,110
"Fri, Oct 25, 2019",NO,116,DAL,123
"Fri, Oct 25, 2019",OKC,85,WAS,97
"Fri, Oct 25, 2019",DEN,108,PHX,107
"Fri, Oct 25, 2019",SAC,112,POR,122
"Fri, Oct 25, 2019",LAL,95,UTA,86
"Sat, Oct 26, 2019",MIL,126,MIA,131
"Sat, Oct 26, 2019",DET,111,PHI,117
"Sat, Oct 26, 2019",ATL,103,ORL,99
"Sat, Oct 26, 2019",NYK,95,BOS,118
"Sat, Oct 26, 2019",CHI,84,TOR,108
"Sat, Oct 26, 2019",CLE,110,IND,99
"Sat, Oct 26, 2019",HOU,126,NO,123
"Sat, Oct 26, 2019",SAS,124,WAS,122
"Sat, Oct 26, 2019",UTA,113,SAC,81
"Sat, Oct 26, 2019",PHX,130,LAC,122
"Sun, Oct 27, 2019",OKC,120,GSW,92
"Sun, Oct 27, 2019",MEM,134,BRK,133
"Sun, Oct 27, 2019",DAL,119,POR,121
"Sun, Oct 27, 2019",MIN,116,MIA,109
"Sun, Oct 27, 2019",LAL,120,CHA,101
"Mon, Oct 28, 2019",NYK,105,CHI,98
"Mon, Oct 28, 2019",DET,96,IND,94
"Mon, Oct 28, 2019",TOR,104,ORL,95
"Mon, Oct 28, 2019",ATL,103,PHI,105
"Mon, Oct 28, 2019",HOU,116,OKC,112
"Mon, Oct 28, 2019",MIL,129,CLE,112
"Mon, Oct 28, 2019",NO,123,GSW,134
"Mon, Oct 28, 2019",SAS,113,POR,110
"Mon, Oct 28, 2019",PHX,95,UTA,96
"Mon, Oct 28, 2019",SAC,94,DEN,101
"Mon, Oct 28, 2019",LAC,111,CHA,96
"Tue, Oct 29, 2019",MIA,112,ATL,97
"Tue, Oct 29, 2019",DEN,106,DAL,109
"Tue, Oct 29, 2019",LAL,120,MEM,91
"Wed, Oct 30, 2019",CLE,117,CHI,111
"Wed, Oct 30, 2019",ORL,95,NYK,83
"Wed, Oct 30, 2019",PHI,117,MIN,95
"Wed, Oct 30, 2019",BOS,116,MIL,105
"Wed, Oct 30, 2019",BRK,108,IND,118
"Wed, Oct 30, 2019",TOR,125,DET,113
"Wed, Oct 30, 2019",OKC,99,POR,102
"Wed, Oct 30, 2019",WAS,158,HOU,159
"Wed, Oct 30, 2019",SAC,111,CHA,118
"Wed, Oct 30, 2019",UTA,110,LAC,96
"Wed, Oct 30, 2019",GSW,110,PHX,121
"Thu, Oct 31, 2019",ATL,97,MIA,106
"Thu, Oct 31, 2019",NO,122,DEN,107
"Thu, Oct 31, 2019",LAC,103,SAS,97
"Fri, Nov 1, 2019",BRK,123,HOU,116
"Fri, Nov 1, 2019",IND,102,CLE,95
"Fri, Nov 1, 2019",ORL,91,MIL,123
"Fri, Nov 1, 2019",BOS,104,NYK,102
"Fri, Nov 1, 2019",CHI,112,DET,106
"Fri, Nov 1, 2019",DAL,110,LAL,119
"Fri, Nov 1, 2019",SAC,102,UTA,101
"Fri, Nov 1, 2019",GSW,110,SAS,127
"Sat, Nov 2, 2019",OKC,115,NO,104
"Sat, Nov 2, 2019",DET,113,BRK,109
"Sat, Nov 2, 2019",ORL,87,DEN,91
"Sat, Nov 2, 2019",MEM,105,PHX,114
"Sat, Nov 2, 2019",MIL,115,TOR,105
"Sat, Nov 2, 2019",WAS,109,MIN,131
"Sat, Nov 2, 2019",GSW,87,CHA,93
"Sat, Nov 2, 2019",POR,128,PHI,129
"Sun, Nov 3, 2019",IND,108,CHI,95
"Sun, Nov 3, 2019",MIA,129,HOU,100
"Sun, Nov 3, 2019",NYK,92,SAC,113
"Sun, Nov 3, 2019",SAS,96,LAL,103
"Sun, Nov 3, 2019",CLE,111,DAL,131
"Sun, Nov 3, 2019",LAC,105,UTA,94
"Mon, Nov 4, 2019",WAS,115,DET,99
"Mon, Nov 4, 2019",BRK,135,NO,125
"Mon, Nov 4, 2019",MEM,100,HOU,107
"Mon, Nov 4, 2019",MIN,106,MIL,134
"Mon, Nov 4, 2019",PHX,114,PHI,109
"Mon, Nov 4, 2019",GSW,127,POR,118
"Tue, Nov 5, 2019",CHA,122,IND,120
"Tue, Nov 5, 2019",CLE,113,BOS,119
"Tue, Nov 5, 2019",ATL,108,SAS,100
"Tue, Nov 5, 2019",CHI,112,LAL,118
"Tue, Nov 5, 2019",OKC,102,ORL,94
"Tue, Nov 5, 2019",DEN,109,MIA,89
"Wed, Nov 6, 2019",DET,122,NYK,102
"Wed, Nov 6, 2019",IND,121,WAS,106
"Wed, Nov 6, 2019",ATL,93,CHI,113
"Wed, Nov 6, 2019",HOU,129,GSW,112
"Wed, Nov 6, 2019",TOR,124,SAC,120
"Wed, Nov 6, 2019",MEM,137,MIN,121
"Wed, Nov 6, 2019",DAL,107,ORL,106
"Wed, Nov 6, 2019",UTA,106,PHI,104
"Wed, Nov 6, 2019",LAC,124,MIL,129
"Thu, Nov 7, 2019",CHA,87,BOS,108
"Thu, Nov 7, 2019",SAS,121,OKC,112
"Thu, Nov 7, 2019",PHX,108,MIA,124
"Thu, Nov 7, 2019",LAC,107,POR,101
"Fri, Nov 8, 2019",IND,112,DET,106
"Fri, Nov 8, 2019",ORL,118,MEM,86
"Fri, Nov 8, 2019",WAS,100,CLE,113
"Fri, Nov 8, 2019",ATL,109,SAC,121
"Fri, Nov 8, 2019",MIN,125,GSW,119
"Fri, Nov 8, 2019",NO,104,TOR,122
"Fri, Nov 8, 2019",DAL,102,NYK,106
"Fri, Nov 8, 2019",DEN,100,PHI,97
"Fri, Nov 8, 2019",UTA,103,MIL,100
"Fri, Nov 8, 2019",POR,115,BRK,119
"Fri, Nov 8, 2019",LAL,95,MIA,80
"Sat, Nov 9, 2019",SAS,115,BOS,135
"Sat, Nov 9, 2019",CHA,110,NO,115
"Sat, Nov 9, 2019",CHI,94,HOU,117
"Sat, Nov 9, 2019",MEM,122,DAL,138
"Sat, Nov 9, 2019",OKC,114,GSW,108
"Sun, Nov 10, 2019",MIN,98,DEN,100
"Sun, Nov 10, 2019",ORL,102,IND,109
"Sun, Nov 10, 2019",PHI,114,CHA,106
"Sun, Nov 10, 2019",OKC,119,MIL,121
"Sun, Nov 10, 2019",NYK,87,CLE,108
"Sun, Nov 10, 2019",PHX,138,BRK,112
"Sun, Nov 10, 2019",POR,124,ATL,113
"Sun, Nov 10, 2019",LAL,104,TOR,113
"Mon, Nov 11, 2019",DET,114,MIN,120
"Mon, Nov 11, 2019",BOS,116,DAL,106
"Mon, Nov 11, 2019",SAS,109,MEM,113
"Mon, Nov 11, 2019",NO,116,HOU,122
"Mon, Nov 11, 2019",GSW,108,UTA,122
"Mon, Nov 11, 2019",LAC,98,TOR,88
"Tue, Nov 12, 2019",IND,111,OKC,85
"Tue, Nov 12, 2019",PHI,98,CLE,97
"Tue, Nov 12, 2019",MIA,117,DET,108
"Tue, Nov 12, 2019",CHI,120,NYK,102
"Tue, Nov 12, 2019",DEN,121,ATL,125
"Tue, Nov 12, 2019",PHX,115,LAL,123
"Tue, Nov 12, 2019",UTA,119,BRK,114
"Tue, Nov 12, 2019",SAC,107,POR,99
"Wed, Nov 13, 2019",CHA,117,MEM,119
"Wed, Nov 13, 2019",ORL,112,PHI,97
"Wed, Nov 13, 2019",BOS,140,WAS,133
"Wed, Nov 13, 2019",HOU,102,LAC,93
"Wed, Nov 13, 2019",MIN,129,SAS,114
"Wed, Nov 13, 2019",LAL,120,GSW,94
"Wed, Nov 13, 2019",POR,106,TOR,114
"Thu, Nov 14, 2019",CLE,97,MIA,108
"Thu, Nov 14, 2019",MIL,124,CHI,115
"Thu, Nov 14, 2019",NO,132,LAC,127
"Thu, Nov 14, 2019",NYK,106,DAL,103
"Thu, Nov 14, 2019",PHX,128,ATL,112
"Thu, Nov 14, 2019",DEN,101,BRK,93
"Fri, Nov 15, 2019",CHA,109,DET,106
"Fri, Nov 15, 2019",ORL,111,SAS,109
"Fri, Nov 15, 2019",HOU,111,IND,102
"Fri, Nov 15, 2019",MEM,107,UTA,106
"Fri, Nov 15, 2019",MIN,116,WAS,137
"Fri, Nov 15, 2019",OKC,127,PHI,119
"Fri, Nov 15, 2019",GSW,100,BOS,105
"Fri, Nov 15, 2019",LAL,99,SAC,97
"Sat, Nov 16, 2019",CHI,111,BRK,117
"Sat, Nov 16, 2019",IND,83,MIL,102
"Sat, Nov 16, 2019",NYK,102,CHA,103
"Sat, Nov 16, 2019",MIA,109,NO,94
"Sat, Nov 16, 2019",MIN,105,HOU,125
"Sat, Nov 16, 2019",DAL,110,TOR,102
"Sat, Nov 16, 2019",SAS,116,POR,121
"Sat, Nov 16, 2019",LAC,150,ATL,101
"Sun, Nov 17, 2019",CLE,95,PHI,114
"Sun, Nov 17, 2019",SAC,100,BOS,99
"Sun, Nov 17, 2019",MEM,114,DEN,131
"Sun, Nov 17, 2019",ORL,125,WAS,121
"Sun, Nov 17, 2019",NO,108,GSW,100
"Sun, Nov 17, 2019",LAL,122,ATL,101
"Mon, Nov 18, 2019",NYK,123,CLE,105
"Mon, Nov 18, 2019",BRK,86,IND,115
"Mon, Nov 18, 2019",TOR,132,CHA,96
"Mon, Nov 18, 2019",CHI,101,MIL,115
"Mon, Nov 18, 2019",HOU,132,POR,108
"Mon, Nov 18, 2019",DAL,117,SAS,110
"Mon, Nov 18, 2019",PHX,85,BOS,99
"Mon, Nov 18, 2019",UTA,102,MIN,112
"Mon, Nov 18, 2019",LAC,90,OKC,88
"Tue, Nov 19, 2019",MEM,95,GSW,114
"Tue, Nov 19, 2019",NO,115,POR,104
"Tue, Nov 19, 2019",SAC,120,PHX,116
"Tue, Nov 19, 2019",LAL,112,OKC,107
"Wed, Nov 20, 2019",PHI,109,NYK,104
"Wed, Nov 20, 2019",WAS,138,SAS,132
"Wed, Nov 20, 2019",ATL,127,MIL,135
"Wed, Nov 20, 2019",BRK,101,CHA,91
"Wed, Nov 20, 2019",DAL,142,GSW,94
"Wed, Nov 20, 2019",MIA,124,CLE,100
"Wed, Nov 20, 2019",TOR,113,ORL,97
"Wed, Nov 20, 2019",CHI,109,DET,89
"Wed, Nov 20, 2019",MIN,95,UTA,103
"Wed, Nov 20, 2019",DEN,105,HOU,95
"Wed, Nov 20, 2019",LAC,107,BOS,104
"Thu, Nov 21, 2019",MIL,137,POR,129
"Thu, Nov 21, 2019",PHX,121,NO,124
"Fri, Nov 22, 2019",DET,128,ATL,103
"Fri, Nov 22, 2019",WAS,125,CHA,118
"Fri, Nov 22, 2019",BRK,116,SAC,97
"Fri, Nov 22, 2019",CHI,108,MIA,116
"Fri, Nov 22, 2019",OKC,127,LAL,130
"Fri, Nov 22, 2019",PHI,115,SAS,104
"Fri, Nov 22, 2019",DAL,143,CLE,101
"Fri, Nov 22, 2019",DEN,96,BOS,92
"Fri, Nov 22, 2019",UTA,113,GSW,109
"Fri, Nov 22, 2019",LAC,122,HOU,119
"Sat, Nov 23, 2019",MIN,98,PHX,100
"Sat, Nov 23, 2019",CHA,115,CHI,116
"Sat, Nov 23, 2019",IND,111,ORL,106
"Sat, Nov 23, 2019",ATL,116,TOR,119
"Sat, Nov 23, 2019",NYK,104,SAS,111
"Sat, Nov 23, 2019",PHI,113,MIA,86
"Sat, Nov 23, 2019",CLE,110,POR,104
"Sat, Nov 23, 2019",MEM,108,LAL,109
"Sat, Nov 23, 2019",MIL,104,DET,90
"Sat, Nov 23, 2019",UTA,128,NO,120
"Sun, Nov 24, 2019",HOU,123,DAL,137
"Sun, Nov 24, 2019",NYK,101,BRK,103
"Sun, Nov 24, 2019",WAS,106,SAC,113
"Sun, Nov 24, 2019",DEN,116,PHX,104
"Sun, Nov 24, 2019",LAC,134,NO,109
"Mon, Nov 25, 2019",CLE,106,BRK,108
"Mon, Nov 25, 2019",DET,103,ORL,88
"Mon, Nov 25, 2019",IND,126,MEM,114
"Mon, Nov 25, 2019",ATL,113,MIN,125
"Mon, Nov 25, 2019",BOS,103,SAC,102
"Mon, Nov 25, 2019",MIA,117,CHA,100
"Mon, Nov 25, 2019",TOR,101,PHI,96
"Mon, Nov 25, 2019",CHI,94,POR,117
"Mon, Nov 25, 2019",MIL,122,UTA,118
"Mon, Nov 25, 2019",SAS,104,LAL,114
"Mon, Nov 25, 2019",GSW,97,OKC,100
"Tue, Nov 26, 2019",DAL,99,LAC,114
"Tue, Nov 26, 2019",DEN,117,WAS,104
"Wed, Nov 27, 2019",BOS,121,BRK,110
"Wed, Nov 27, 2019",CHA,102,DET,101
"Wed, Nov 27, 2019",CLE,104,ORL,116
"Wed, Nov 27, 2019",IND,121,UTA,102
"Wed, Nov 27, 2019",PHI,97,SAC,91
"Wed, Nov 27, 2019",TOR,126,NYK,98
"Wed, Nov 27, 2019",HOU,117,MIA,108
"Wed, Nov 27, 2019",MEM,119,LAC,121
"Wed, Nov 27, 2019",MIL,111,ATL,102
"Wed, Nov 27, 2019",SAS,101,MIN,113
"Wed, Nov 27, 2019",PHX,132,WAS,140
"Wed, Nov 27, 2019",NO,110,LAL,114
"Wed, Nov 27, 2019",POR,136,OKC,119
"Wed, Nov 27, 2019",GSW,104,CHI,90
"Fri, Nov 29, 2019",BRK,112,BOS,107
"Fri, Nov 29, 2019",DET,107,CHA,110
"Fri, Nov 29, 2019",ORL,83,TOR,90
"Fri, Nov 29, 2019",CLE,110,MIL,119
"Fri, Nov 29, 2019",NYK,95,PHI,101
"Fri, Nov 29, 2019",IND,105,ATL,104
"Fri, Nov 29, 2019",MEM,94,UTA,103
"Fri, Nov 29, 2019",MIA,122,GSW,105
"Fri, Nov 29, 2019",OKC,109,NO,104
"Fri, Nov 29, 2019",SAS,107,LAC,97
"Fri, Nov 29, 2019",PHX,113,DAL,120
"Fri, Nov 29, 2019",POR,107,CHI,103
"Fri, Nov 29, 2019",LAL,125,WAS,103
"Sat, Nov 30, 2019",SAC,100,DEN,97
"Sat, Nov 30, 2019",PHI,119,IND,116
"Sat, Nov 30, 2019",HOU,158,ATL,111
"Sat, Nov 30, 2019",MIL,137,CHA,96
"Sun, Dec 1, 2019",BRK,106,MIA,109
"Sun, Dec 1, 2019",MIN,107,MEM,115
"Sun, Dec 1, 2019",NYK,104,BOS,113
"Sun, Dec 1, 2019",LAL,100,DAL,114
"Sun, Dec 1, 2019",DET,132,SAS,98
"Sun, Dec 1, 2019",NO,104,OKC,107
"Sun, Dec 1, 2019",ORL,100,GSW,96
"Sun, Dec 1, 2019",TOR,130,UTA,110
"Sun, Dec 1, 2019",LAC,150,WAS,125
"Mon, Dec 2, 2019",CHA,104,PHX,109
"Mon, Dec 2, 2019",PHI,103,UTA,94
"Mon, Dec 2, 2019",ATL,104,GSW,79
"Mon, Dec 2, 2019",MEM,104,IND,117
"Mon, Dec 2, 2019",MIL,132,NYK,88
"Mon, Dec 2, 2019",SAC,106,CHI,113
"Tue, Dec 3, 2019",CLE,94,DET,127
"Tue, Dec 3, 2019",WAS,120,ORL,127
"Tue, Dec 3, 2019",NO,97,DAL,118
"Tue, Dec 3, 2019",TOR,110,MIA,121
"Tue, Dec 3, 2019",SAS,135,HOU,133
"Tue, Dec 3, 2019",DEN,96,LAL,105
"Tue, Dec 3, 2019",LAC,117,POR,97
"Wed, Dec 4, 2019",CHA,106,GSW,91
"Wed, Dec 4, 2019",DET,103,MIL,127
"Wed, Dec 4, 2019",ORL,128,PHX,114
"Wed, Dec 4, 2019",ATL,118,BRK,130
"Wed, Dec 4, 2019",BOS,112,MIA,93
"Wed, Dec 4, 2019",CHI,106,MEM,99
"Wed, Dec 4, 2019",OKC,100,IND,107
"Wed, Dec 4, 2019",DAL,121,MIN,114
"Wed, Dec 4, 2019",UTA,96,LAL,121
"Wed, Dec 4, 2019",POR,127,SAC,116
"Thu, Dec 5, 2019",WAS,119,PHI,113
"Thu, Dec 5, 2019",NYK,92,DEN,129
"Thu, Dec 5, 2019",TOR,109,HOU,119
"Thu, Dec 5, 2019",NO,132,PHX,139
"Fri, Dec 6, 2019",CHA,104,BRK,111
"Fri, Dec 6, 2019",CLE,87,ORL,93
"Fri, Dec 6, 2019",DET,108,IND,101
"Fri, Dec 6, 2019",BOS,108,DEN,95
"Fri, Dec 6, 2019",CHI,98,GSW,100
"Fri, Dec 6, 2019",MIA,112,WAS,103
"Fri, Dec 6, 2019",OKC,139,MIN,127
"Fri, Dec 6, 2019",MIL,119,LAC,91
"Fri, Dec 6, 2019",SAS,105,SAC,104
"Fri, Dec 6, 2019",POR,113,LAL,136
"Sat, Dec 7, 2019",DAL,130,NO,84
"Sat, Dec 7, 2019",NYK,103,IND,104
"Sat, Dec 7, 2019",PHI,141,CLE,94
"Sat, Dec 7, 2019",HOU,115,PHX,109
"Sat, Dec 7, 2019",UTA,126,MEM,112
"Sun, Dec 8, 2019",BRK,105,DEN,102
"Sun, Dec 8, 2019",CHA,107,ATL,122
"Sun, Dec 8, 2019",MIA,110,CHI,105
"Sun, Dec 8, 2019",PHI,110,TOR,104
"Sun, Dec 8, 2019",WAS,119,LAC,135
"Sun, Dec 8, 2019",DAL,106,SAC,110
"Sun, Dec 8, 2019",POR,96,OKC,108
"Sun, Dec 8, 2019",LAL,142,MIN,125
"Mon, Dec 9, 2019",IND,99,LAC,110
"Mon, Dec 9, 2019",BOS,110,CLE,88
"Mon, Dec 9, 2019",CHI,92,TOR,93
"Mon, Dec 9, 2019",HOU,118,SAC,119
"Mon, Dec 9, 2019",MIL,110,ORL,101
"Mon, Dec 9, 2019",NO,103,DET,105
"Mon, Dec 9, 2019",PHX,125,MIN,109
"Mon, Dec 9, 2019",UTA,90,OKC,104
"Mon, Dec 9, 2019",GSW,102,MEM,110
"Tue, Dec 10, 2019",CHA,114,WAS,107
"Tue, Dec 10, 2019",MIA,135,ATL,121
"Tue, Dec 10, 2019",PHI,97,DEN,92
"Tue, Dec 10, 2019",POR,115,NYK,87
"Wed, Dec 11, 2019",CLE,110,HOU,116
"Wed, Dec 11, 2019",IND,122,BOS,117
"Wed, Dec 11, 2019",ORL,87,LAL,96
"Wed, Dec 11, 2019",TOR,92,LAC,112
"Wed, Dec 11, 2019",BRK,108,CHA,113
"Wed, Dec 11, 2019",CHI,136,ATL,102
"Wed, Dec 11, 2019",MIN,116,UTA,127
"Wed, Dec 11, 2019",PHX,108,MEM,115
"Wed, Dec 11, 2019",MIL,127,NO,112
"Wed, Dec 11, 2019",SAC,94,OKC,93
"Wed, Dec 11, 2019",GSW,122,NYK,124
"Thu, Dec 12, 2019",BOS,109,PHI,115
"Thu, Dec 12, 2019",SAS,109,CLE,117
"Thu, Dec 12, 2019",DET,111,DAL,122
"Thu, Dec 12, 2019",DEN,114,POR,99
"Fri, Dec 13, 2019",MIA,110,LAL,113
"Fri, Dec 13, 2019",ORL,107,HOU,130
"Fri, Dec 13, 2019",PHI,116,NO,109
"Fri, Dec 13, 2019",ATL,100,IND,110
"Fri, Dec 13, 2019",CHI,73,CHA,83
"Fri, Dec 13, 2019",MEM,114,MIL,127
"Fri, Dec 13, 2019",UTA,114,GSW,106
"Fri, Dec 13, 2019",MIN,117,LAC,124
"Fri, Dec 13, 2019",SAC,101,NYK,103
"Sat, Dec 14, 2019",PHX,119,SAS,121
"Sat, Dec 14, 2019",TOR,110,BRK,102
"Sat, Dec 14, 2019",CHI,109,LAC,106
"Sat, Dec 14, 2019",MEM,128,WAS,111
"Sat, Dec 14, 2019",DAL,118,MIA,122
"Sat, Dec 14, 2019",MIL,125,CLE,108
"Sat, Dec 14, 2019",DEN,110,OKC,102
"Sat, Dec 14, 2019",HOU,107,DET,115
"Sun, Dec 15, 2019",NO,119,ORL,130
"Sun, Dec 15, 2019",IND,107,CHA,85
"Sun, Dec 15, 2019",ATL,96,LAL,101
"Sun, Dec 15, 2019",BRK,109,PHI,89
"Sun, Dec 15, 2019",DEN,111,NYK,105
"Sun, Dec 15, 2019",GSW,79,SAC,100
"Mon, Dec 16, 2019",DET,119,WAS,133
"Mon, Dec 16, 2019",TOR,133,CLE,113
"Mon, Dec 16, 2019",HOU,109,SAS,107
"Mon, Dec 16, 2019",MEM,118,MIA,111
"Mon, Dec 16, 2019",MIL,116,DAL,120
"Mon, Dec 16, 2019",OKC,109,CHI,106
"Mon, Dec 16, 2019",PHX,110,POR,111
"Tue, Dec 17, 2019",CHA,110,SAC,102
"Tue, Dec 17, 2019",IND,105,LAL,102
"Tue, Dec 17, 2019",NYK,143,ATL,120
"Tue, Dec 17, 2019",NO,101,BRK,108
"Tue, Dec 17, 2019",UTA,109,ORL,102
"Tue, Dec 17, 2019",LAC,120,PHX,99
"Wed, Dec 18, 2019",CLE,100,CHA,98
"Wed, Dec 18, 2019",DET,99,TOR,112
"Wed, Dec 18, 2019",PHI,104,MIA,108
"Wed, Dec 18, 2019",WAS,109,CHI,110
"Wed, Dec 18, 2019",MIN,99,NO,107
"Wed, Dec 18, 2019",OKC,126,MEM,122
"Wed, Dec 18, 2019",DEN,113,ORL,104
"Wed, Dec 18, 2019",DAL,103,BOS,109
"Wed, Dec 18, 2019",POR,122,GSW,112
"Thu, Dec 19, 2019",ATL,106,UTA,111
"Thu, Dec 19, 2019",MIL,111,LAL,104
"Thu, Dec 19, 2019",SAS,118,BRK,105
"Thu, Dec 19, 2019",LAC,117,HOU,122
"Fri, Dec 20, 2019",CLE,114,MEM,107
"Fri, Dec 20, 2019",IND,119,SAC,105
"Fri, Dec 20, 2019",BOS,114,DET,93
"Fri, Dec 20, 2019",TOR,122,WAS,118
"Fri, Dec 20, 2019",MIA,129,NYK,114
"Fri, Dec 20, 2019",OKC,126,PHX,108
"Fri, Dec 20, 2019",PHI,98,DAL,117
"Fri, Dec 20, 2019",DEN,109,MIN,100
"Fri, Dec 20, 2019",POR,118,ORL,103
"Fri, Dec 20, 2019",GSW,106,NO,102
"Sat, Dec 21, 2019",CHA,107,UTA,114
"Sat, Dec 21, 2019",BRK,122,ATL,112
"Sat, Dec 21, 2019",DET,107,CHI,119
"Sat, Dec 21, 2019",PHI,125,WAS,108
"Sat, Dec 21, 2019",NYK,102,MIL,123
"Sat, Dec 21, 2019",MEM,119,SAC,115
"Sat, Dec 21, 2019",SAS,109,LAC,134
"Sat, Dec 21, 2019",PHX,125,HOU,139
"Sat, Dec 21, 2019",POR,113,MIN,106
"Sun, Dec 22, 2019",TOR,110,DAL,107
"Sun, Dec 22, 2019",BOS,119,CHA,93
"Sun, Dec 22, 2019",MIL,117,IND,89
"Sun, Dec 22, 2019",OKC,118,LAC,112
"Sun, Dec 22, 2019",LAL,104,DEN,128
"Mon, Dec 23, 2019",CLE,121,ATL,118
"Mon, Dec 23, 2019",DET,109,PHI,125
"Mon, Dec 23, 2019",IND,120,TOR,115
"Mon, Dec 23, 2019",NYK,115,WAS,121
"Mon, Dec 23, 2019",ORL,103,CHI,95
"Mon, Dec 23, 2019",MIA,107,UTA,104
"Mon, Dec 23, 2019",MEM,115,SAS,145
"Mon, Dec 23, 2019",PHX,111,DEN,113
"Mon, Dec 23, 2019",POR,94,NO,102
"Mon, Dec 23, 2019",SAC,104,HOU,113
"Mon, Dec 23, 2019",GSW,113,MIN,104
"Wed, Dec 25, 2019",TOR,102,BOS,118
"Wed, Dec 25, 2019",PHI,121,MIL,109
"Wed, Dec 25, 2019",GSW,116,HOU,104
"Wed, Dec 25, 2019",LAL,106,LAC,111
"Wed, Dec 25, 2019",DEN,100,NO,112
"Thu, Dec 26, 2019",DET,132,WAS,102
"Thu, Dec 26, 2019",BRK,82,NYK,94
"Thu, Dec 26, 2019",DAL,102,SAS,98
"Thu, Dec 26, 2019",OKC,97,MEM,110
"Thu, Dec 26, 2019",SAC,104,MIN,105
"Thu, Dec 26, 2019",UTA,121,POR,115
"Fri, Dec 27, 2019",BOS,129,CLE,117
"Fri, Dec 27, 2019",CHA,102,OKC,104
"Fri, Dec 27, 2019",ORL,98,PHI,97
"Fri, Dec 27, 2019",ATL,86,MIL,112
"Fri, Dec 27, 2019",MIA,113,IND,112
"Fri, Dec 27, 2019",GSW,105,PHX,96
"Sat, Dec 28, 2019",DEN,119,MEM,110
"Sat, Dec 28, 2019",BOS,97,TOR,113
"Sat, Dec 28, 2019",NO,120,IND,98
"Sat, Dec 28, 2019",CHI,116,ATL,81
"Sat, Dec 28, 2019",HOU,108,BRK,98
"Sat, Dec 28, 2019",MIA,117,PHI,116
"Sat, Dec 28, 2019",MIN,88,CLE,94
"Sat, Dec 28, 2019",WAS,100,NYK,107
"Sat, Dec 28, 2019",GSW,121,DAL,141
"Sat, Dec 28, 2019",MIL,111,ORL,100
"Sat, Dec 28, 2019",SAS,136,DET,109
"Sat, Dec 28, 2019",SAC,110,PHX,112
"Sat, Dec 28, 2019",POR,120,LAL,128
"Sat, Dec 28, 2019",LAC,107,UTA,120
"Sun, Dec 29, 2019",TOR,97,OKC,98
"Sun, Dec 29, 2019",DEN,120,SAC,115
"Sun, Dec 29, 2019",MEM,117,CHA,104
"Sun, Dec 29, 2019",NO,127,HOU,112
"Sun, Dec 29, 2019",LAL,108,DAL,95
"Mon, Dec 30, 2019",ORL,93,ATL,101
"Mon, Dec 30, 2019",WAS,123,MIA,105
"Mon, Dec 30, 2019",CHI,102,MIL,123
"Mon, Dec 30, 2019",MIN,122,BRK,115
"Mon, Dec 30, 2019",UTA,104,DET,81
"Mon, Dec 30, 2019",POR,116,PHX,122
"Tue, Dec 31, 2019",CHA,92,BOS,109
"Tue, Dec 31, 2019",IND,115,PHI,97
"Tue, Dec 31, 2019",SAC,87,LAC,105
"Tue, Dec 31, 2019",HOU,130,DEN,104
"Tue, Dec 31, 2019",SAS,117,GSW,113
"Tue, Dec 31, 2019",TOR,117,CLE,97
"Tue, Dec 31, 2019",OKC,106,DAL,101
"Wed, Jan 1, 2020",WAS,101,ORL,122
"Wed, Jan 1, 2020",NYK,117,POR,93
"Wed, Jan 1, 2020",MIL,106,MIN,104
"Wed, Jan 1, 2020",LAL,117,PHX,107
"Thu, Jan 2, 2020",CLE,106,CHA,109
"Thu, Jan 2, 2020",IND,116,DEN,124
"Thu, Jan 2, 2020",MIA,84,TOR,76
"Thu, Jan 2, 2020",CHI,98,UTA,102
"Thu, Jan 2, 2020",MIN,99,GSW,84
"Thu, Jan 2, 2020",DAL,123,BRK,111
"Thu, Jan 2, 2020",SAS,103,OKC,109
"Thu, Jan 2, 2020",SAC,128,MEM,123
"Thu, Jan 2, 2020",LAC,126,DET,112
"Fri, Jan 3, 2020",BOS,109,ATL,106
"Fri, Jan 3, 2020",ORL,105,MIA,85
"Fri, Jan 3, 2020",WAS,103,POR,122
"Fri, Jan 3, 2020",HOU,118,PHI,108
"Fri, Jan 3, 2020",PHX,120,NYK,112
"Fri, Jan 3, 2020",LAL,123,NO,113
"Sat, Jan 4, 2020",LAC,114,MEM,140
"Sat, Jan 4, 2020",BRK,102,TOR,121
"Sat, Jan 4, 2020",ORL,96,UTA,109
"Sat, Jan 4, 2020",ATL,116,IND,111
"Sat, Jan 4, 2020",CLE,106,OKC,121
"Sat, Jan 4, 2020",CHI,104,BOS,111
"Sat, Jan 4, 2020",WAS,128,DEN,114
"Sat, Jan 4, 2020",DAL,120,CHA,123
"Sat, Jan 4, 2020",GSW,104,DET,111
"Sat, Jan 4, 2020",MIL,127,SAS,118
"Sat, Jan 4, 2020",SAC,115,NO,117
"Sun, Jan 5, 2020",LAC,135,NYK,132
"Sun, Jan 5, 2020",MIA,122,POR,111
"Sun, Jan 5, 2020",CLE,103,MIN,118
"Sun, Jan 5, 2020",PHX,114,MEM,121
"Sun, Jan 5, 2020",LAL,106,DET,99
"Mon, Jan 6, 2020",CHA,104,IND,115
"Mon, Jan 6, 2020",ORL,101,BRK,89
"Mon, Jan 6, 2020",PHI,120,OKC,113
"Mon, Jan 6, 2020",WAS,99,BOS,94
"Mon, Jan 6, 2020",ATL,115,DEN,123
"Mon, Jan 6, 2020",NO,126,UTA,128
"Mon, Jan 6, 2020",DAL,118,CHI,110
"Mon, Jan 6, 2020",SAS,126,MIL,104
"Mon, Jan 6, 2020",SAC,111,GSW,98
"Tue, Jan 7, 2020",CLE,113,DET,115
"Tue, Jan 7, 2020",TOR,99,POR,101
"Tue, Jan 7, 2020",BRK,103,OKC,111
"Tue, Jan 7, 2020",MEM,119,MIN,112
"Tue, Jan 7, 2020",PHX,103,SAC,114
"Tue, Jan 7, 2020",LAL,117,NYK,87
"Wed, Jan 8, 2020",BOS,114,SAS,129
"Wed, Jan 8, 2020",CHA,110,TOR,112
"Wed, Jan 8, 2020",IND,108,MIA,122
"Wed, Jan 8, 2020",ORL,123,WAS,89
"Wed, Jan 8, 2020",ATL,115,HOU,122
"Wed, Jan 8, 2020",DAL,106,DEN,107
"Wed, Jan 8, 2020",NO,123,CHI,108
"Wed, Jan 8, 2020",UTA,128,NYK,104
"Wed, Jan 8, 2020",GSW,98,MIL,107
"Thu, Jan 9, 2020",DET,112,CLE,115
"Thu, Jan 9, 2020",PHI,109,BOS,98
"Thu, Jan 9, 2020",MIN,116,POR,102
"Thu, Jan 9, 2020",OKC,113,HOU,92
"Fri, Jan 10, 2020",WAS,111,ATL,101
"Fri, Jan 10, 2020",NYK,111,NO,123
"Fri, Jan 10, 2020",BRK,117,MIA,113
"Fri, Jan 10, 2020",CHI,105,IND,116
"Fri, Jan 10, 2020",MEM,134,SAS,121
"Fri, Jan 10, 2020",PHX,98,ORL,94
"Fri, Jan 10, 2020",UTA,109,CHA,92
"Fri, Jan 10, 2020",DAL,114,LAL,129
"Fri, Jan 10, 2020",SAC,106,MIL,127
"Fri, Jan 10, 2020",LAC,109,GSW,100
"Sat, Jan 11, 2020",HOU,139,MIN,109
"Sat, Jan 11, 2020",BOS,140,NO,105
"Sat, Jan 11, 2020",DET,99,CHI,108
"Sat, Jan 11, 2020",OKC,110,LAL,125
"Sat, Jan 11, 2020",DAL,109,PHI,91
"Sat, Jan 11, 2020",DEN,103,CLE,111
"Sat, Jan 11, 2020",POR,101,MIL,122
"Sun, Jan 12, 2020",NYK,124,MIA,121
"Sun, Jan 12, 2020",WAS,116,UTA,127
"Sun, Jan 12, 2020",BRK,108,ATL,86
"Sun, Jan 12, 2020",MEM,122,GSW,102
"Sun, Jan 12, 2020",TOR,104,SAS,105
"Sun, Jan 12, 2020",DEN,114,LAC,104
"Sun, Jan 12, 2020",PHX,100,CHA,92
"Mon, Jan 13, 2020",DET,110,NO,117
"Mon, Jan 13, 2020",IND,101,PHI,95
"Mon, Jan 13, 2020",BOS,113,CHI,101
"Mon, Jan 13, 2020",MIN,104,OKC,117
"Mon, Jan 13, 2020",POR,115,CHA,112
"Mon, Jan 13, 2020",SAC,112,ORL,114
"Mon, Jan 13, 2020",LAL,128,CLE,99
"Tue, Jan 14, 2020",ATL,123,PHX,110
"Tue, Jan 14, 2020",BRK,107,UTA,118
"Tue, Jan 14, 2020",MEM,121,HOU,110
"Tue, Jan 14, 2020",MIL,128,NYK,102
"Tue, Jan 14, 2020",GSW,97,DAL,124
"Tue, Jan 14, 2020",LAC,128,CLE,103
"Wed, Jan 15, 2020",BOS,103,DET,116
"Wed, Jan 15, 2020",PHI,117,BRK,106
"Wed, Jan 15, 2020",MIA,106,SAS,100
"Wed, Jan 15, 2020",CHI,115,WAS,106
"Wed, Jan 15, 2020",MIN,99,IND,104
"Wed, Jan 15, 2020",OKC,121,TOR,130
"Wed, Jan 15, 2020",DEN,100,CHA,86
"Wed, Jan 15, 2020",HOU,107,POR,117
"Wed, Jan 15, 2020",SAC,123,DAL,127
"Wed, Jan 15, 2020",LAL,118,ORL,119
"Thu, Jan 16, 2020",NYK,98,PHX,121
"Thu, Jan 16, 2020",MIL,128,BOS,123
"Thu, Jan 16, 2020",NO,138,UTA,132
"Thu, Jan 16, 2020",GSW,131,DEN,134
"Thu, Jan 16, 2020",LAC,122,ORL,95
"Fri, Jan 17, 2020",IND,116,MIN,114
"Fri, Jan 17, 2020",PHI,100,CHI,89
"Fri, Jan 17, 2020",TOR,140,WAS,111
"Fri, Jan 17, 2020",MEM,113,CLE,109
"Fri, Jan 17, 2020",OKC,108,MIA,115
"Fri, Jan 17, 2020",SAS,120,ATL,121
"Fri, Jan 17, 2020",DAL,120,POR,112
"Sat, Jan 18, 2020",NO,130,LAC,133
"Sat, Jan 18, 2020",BRK,97,MIL,117
"Sat, Jan 18, 2020",BOS,119,PHX,123
"Sat, Jan 18, 2020",ATL,103,DET,136
"Sat, Jan 18, 2020",NYK,87,PHI,90
"Sat, Jan 18, 2020",CHI,118,CLE,116
"Sat, Jan 18, 2020",MIN,112,TOR,122
"Sat, Jan 18, 2020",GSW,109,ORL,95
"Sat, Jan 18, 2020",HOU,115,LAL,124
"Sat, Jan 18, 2020",OKC,119,POR,106
"Sat, Jan 18, 2020",UTA,123,SAC,101
"Sun, Jan 19, 2020",SAS,107,MIA,102
"Sun, Jan 19, 2020",DEN,107,IND,115
"Mon, Jan 20, 2020",WAS,106,DET,100
"Mon, Jan 20, 2020",ATL,117,TOR,122
"Mon, Jan 20, 2020",BRK,111,PHI,117
"Mon, Jan 20, 2020",CHA,83,ORL,106
"Mon, Jan 20, 2020",CLE,86,NYK,106
"Mon, Jan 20, 2020",HOU,107,OKC,112
"Mon, Jan 20, 2020",MEM,116,NO,126
"Mon, Jan 20, 2020",MIA,118,SAC,113
"Mon, Jan 20, 2020",MIL,111,CHI,98
"Mon, Jan 20, 2020",BOS,139,LAL,107
"Mon, Jan 20, 2020",MIN,100,DEN,107
"Mon, Jan 20, 2020",PHX,118,SAS,120
"Mon, Jan 20, 2020",UTA,118,IND,88
"Mon, Jan 20, 2020",POR,129,GSW,124
"Tue, Jan 21, 2020",DAL,107,LAC,110
"Wed, Jan 22, 2020",DET,127,SAC,106
"Wed, Jan 22, 2020",ORL,114,OKC,120
"Wed, Jan 22, 2020",TOR,107,PHI,95
"Wed, Jan 22, 2020",ATL,102,LAC,95
"Wed, Jan 22, 2020",BOS,119,MEM,95
"Wed, Jan 22, 2020",MIA,134,WAS,129
"Wed, Jan 22, 2020",NYK,92,LAL,100
"Wed, Jan 22, 2020",CHI,117,MIN,110
"Wed, Jan 22, 2020",HOU,121,DEN,105
"Wed, Jan 22, 2020",PHX,87,IND,112
"Wed, Jan 22, 2020",NO,117,SAS,121
"Wed, Jan 22, 2020",GSW,96,UTA,129
"Thu, Jan 23, 2020",CLE,112,WAS,124
"Thu, Jan 23, 2020",BRK,113,LAL,128
"Thu, Jan 23, 2020",POR,125,DAL,133
"Fri, Jan 24, 2020",CHA,103,MIL,116
"Fri, Jan 24, 2020",DET,112,MEM,125
"Fri, Jan 24, 2020",ORL,98,BOS,109
"Fri, Jan 24, 2020",NYK,112,TOR,118
"Fri, Jan 24, 2020",CHI,81,SAC,98
"Fri, Jan 24, 2020",MIA,117,LAC,122
"Fri, Jan 24, 2020",MIN,124,HOU,131
"Fri, Jan 24, 2020",NO,106,DEN,113
"Fri, Jan 24, 2020",OKC,140,ATL,111
"Fri, Jan 24, 2020",SAS,99,PHX,103
"Fri, Jan 24, 2020",GSW,118,IND,129
"Sat, Jan 25, 2020",UTA,112,DAL,107
"Sat, Jan 25, 2020",DET,111,BRK,121
"Sat, Jan 25, 2020",CLE,106,CHI,118
"Sat, Jan 25, 2020",MIN,104,OKC,113
"Sat, Jan 25, 2020",PHI,108,LAL,91
"Sun, Jan 26, 2020",DEN,117,HOU,110
"Sun, Jan 26, 2020",SAS,106,TOR,110
"Sun, Jan 26, 2020",ATL,152,WAS,133
"Sun, Jan 26, 2020",MEM,114,PHX,109
"Sun, Jan 26, 2020",NO,123,BOS,108
"Sun, Jan 26, 2020",NYK,110,BRK,97
"Sun, Jan 26, 2020",ORL,97,LAC,112
"Sun, Jan 26, 2020",POR,139,IND,129
"Mon, Jan 27, 2020",DET,100,CLE,115
"Mon, Jan 27, 2020",MIA,113,ORL,92
"Mon, Jan 27, 2020",CHI,110,SAS,109
"Mon, Jan 27, 2020",MIN,129,SAC,133
"Mon, Jan 27, 2020",OKC,97,DAL,107
"Mon, Jan 27, 2020",UTA,117,HOU,126
"Tue, Jan 28, 2020",CHA,97,NYK,92
"Tue, Jan 28, 2020",PHI,115,GSW,104
"Tue, Jan 28, 2020",CLE,111,NO,125
"Tue, Jan 28, 2020",TOR,130,ATL,114
"Tue, Jan 28, 2020",MEM,104,DEN,96
"Tue, Jan 28, 2020",MIA,101,BOS,109
"Tue, Jan 28, 2020",MIL,151,WAS,131
"Tue, Jan 28, 2020",DAL,104,PHX,133
"Wed, Jan 29, 2020",IND,115,CHI,106
"Wed, Jan 29, 2020",BRK,125,DET,115
"Wed, Jan 29, 2020",NYK,106,MEM,127
"Wed, Jan 29, 2020",SAS,127,UTA,120
"Wed, Jan 29, 2020",POR,125,HOU,112
"Wed, Jan 29, 2020",SAC,100,OKC,120
"Thu, Jan 30, 2020",CLE,109,TOR,115
"Thu, Jan 30, 2020",WAS,121,CHA,107
"Thu, Jan 30, 2020",ATL,127,PHI,117
"Thu, Jan 30, 2020",BOS,119,GSW,104
"Thu, Jan 30, 2020",DEN,106,UTA,100
"Thu, Jan 30, 2020",LAC,103,SAC,124
"Fri, Jan 31, 2020",DET,92,TOR,105
"Fri, Jan 31, 2020",BRK,133,CHI,118
"Fri, Jan 31, 2020",HOU,128,DAL,121
"Fri, Jan 31, 2020",NO,139,MEM,111
"Fri, Jan 31, 2020",MIL,115,DEN,127
"Fri, Jan 31, 2020",PHX,107,OKC,111
"Fri, Jan 31, 2020",LAL,119,POR,127
"Sat, Feb 1, 2020",LAC,118,MIN,106
"Sat, Feb 1, 2020",IND,85,NYK,92
"Sat, Feb 1, 2020",ORL,89,MIA,102
"Sat, Feb 1, 2020",CLE,112,GSW,131
"Sat, Feb 1, 2020",WAS,113,BRK,107
"Sat, Feb 1, 2020",BOS,116,PHI,95
"Sat, Feb 1, 2020",DAL,123,ATL,100
"Sat, Feb 1, 2020",SAS,114,CHA,90
"Sat, Feb 1, 2020",SAC,113,LAL,129
"Sat, Feb 1, 2020",POR,124,UTA,107
"Sun, Feb 2, 2020",DET,128,DEN,123
"Sun, Feb 2, 2020",HOU,117,NO,109
"Sun, Feb 2, 2020",MIL,129,PHX,108
"Sun, Feb 2, 2020",TOR,129,CHI,102
"Mon, Feb 3, 2020",CHA,100,ORL,112
"Mon, Feb 3, 2020",CLE,134,NYK,139
"Mon, Feb 3, 2020",IND,103,DAL,112
"Mon, Feb 3, 2020",WAS,117,GSW,125
"Mon, Feb 3, 2020",ATL,115,BOS,123
"Mon, Feb 3, 2020",BRK,119,PHX,97
"Mon, Feb 3, 2020",MIA,137,PHI,106
"Mon, Feb 3, 2020",MEM,96,DET,82
"Mon, Feb 3, 2020",SAC,113,MIN,109
"Mon, Feb 3, 2020",LAC,108,SAS,105
"Tue, Feb 4, 2020",NO,108,MIL,120
"Tue, Feb 4, 2020",HOU,125,CHA,110
"Tue, Feb 4, 2020",DEN,127,POR,99
"Tue, Feb 4, 2020",LAL,129,SAS,102
"Wed, Feb 5, 2020",DET,116,PHX,108
"Wed, Feb 5, 2020",BOS,116,ORL,100
"Wed, Feb 5, 2020",BRK,129,GSW,88
"Wed, Feb 5, 2020",TOR,119,IND,118
"Wed, Feb 5, 2020",MIN,120,ATL,127
"Wed, Feb 5, 2020",OKC,109,CLE,103
"Wed, Feb 5, 2020",DAL,107,MEM,121
"Wed, Feb 5, 2020",UTA,95,DEN,98
"Wed, Feb 5, 2020",LAC,128,MIA,111
"Thu, Feb 6, 2020",NYK,105,ORL,103
"Thu, Feb 6, 2020",CHI,119,NO,125
"Thu, Feb 6, 2020",MIL,112,PHI,101
"Thu, Feb 6, 2020",POR,125,SAS,117
"Thu, Feb 6, 2020",LAL,111,HOU,121
"Fri, Feb 7, 2020",PHI,119,MEM,107
"Fri, Feb 7, 2020",WAS,119,DAL,118
"Fri, Feb 7, 2020",BOS,112,ATL,107
"Fri, Feb 7, 2020",IND,106,TOR,115
"Fri, Feb 7, 2020",OKC,108,DET,101
"Fri, Feb 7, 2020",PHX,127,HOU,91
"Fri, Feb 7, 2020",SAC,105,MIA,97
"Fri, Feb 7, 2020",UTA,117,POR,114
"Sat, Feb 8, 2020",ORL,95,MIL,111
"Sat, Feb 8, 2020",CHA,100,DAL,116
"Sat, Feb 8, 2020",DET,92,NYK,95
"Sat, Feb 8, 2020",IND,117,NO,124
"Sat, Feb 8, 2020",TOR,119,BRK,118
"Sat, Feb 8, 2020",MIN,142,LAC,115
"Sat, Feb 8, 2020",GSW,120,LAL,125
"Sat, Feb 8, 2020",PHX,108,DEN,117
"Sat, Feb 8, 2020",SAC,122,SAS,102
"Sun, Feb 9, 2020",OKC,111,BOS,112
"Sun, Feb 9, 2020",ATL,140,NYK,135
"Sun, Feb 9, 2020",PHI,118,CHI,111
"Sun, Feb 9, 2020",WAS,99,MEM,106
"Sun, Feb 9, 2020",HOU,113,UTA,114
"Sun, Feb 9, 2020",CLE,92,LAC,133
"Sun, Feb 9, 2020",POR,115,MIA,109
"Mon, Feb 10, 2020",DET,76,CHA,87
"Mon, Feb 10, 2020",IND,105,BRK,106
"Mon, Feb 10, 2020",ORL,135,ATL,126
"Mon, Feb 10, 2020",TOR,137,MIN,126
"Mon, Feb 10, 2020",MIL,123,SAC,111
"Mon, Feb 10, 2020",DAL,119,UTA,123
"Mon, Feb 10, 2020",DEN,127,SAS,120
"Mon, Feb 10, 2020",GSW,101,MIA,113
"Mon, Feb 10, 2020",LAL,125,PHX,100
"Tue, Feb 11, 2020",PHI,110,LAC,103
"Tue, Feb 11, 2020",WAS,126,CHI,114
"Tue, Feb 11, 2020",NO,138,POR,117
"Tue, Feb 11, 2020",OKC,106,SAS,114
"Tue, Feb 11, 2020",HOU,116,BOS,105
"Wed, Feb 12, 2020",CLE,127,ATL,105
"Wed, Feb 12, 2020",ORL,116,DET,112
"Wed, Feb 12, 2020",BRK,101,TOR,91
"Wed, Feb 12, 2020",IND,118,MIL,111
"Wed, Feb 12, 2020",NYK,96,WAS,114
"Wed, Feb 12, 2020",MEM,111,POR,104
"Wed, Feb 12, 2020",MIN,108,CHA,115
"Wed, Feb 12, 2020",DAL,130,SAC,111
"Wed, Feb 12, 2020",PHX,112,GSW,106
"Wed, Feb 12, 2020",UTA,116,MIA,101
"Wed, Feb 12, 2020",DEN,116,LAL,120
"Thu, Feb 13, 2020",BOS,141,LAC,133
"Thu, Feb 13, 2020",NO,118,OKC,123
"Thu, Feb 20, 2020",DET,106,MIL,126
"Thu, Feb 20, 2020",ATL,129,MIA,124
"Thu, Feb 20, 2020",CHI,93,CHA,103
"Thu, Feb 20, 2020",PHI,112,BRK,104
"Thu, Feb 20, 2020",SAC,129,MEM,125
"Thu, Feb 20, 2020",GSW,105,HOU,135
"Fri, Feb 21, 2020",ORL,106,DAL,122
"Fri, Feb 21, 2020",WAS,108,CLE,113
"Fri, Feb 21, 2020",NYK,98,IND,106
"Fri, Feb 21, 2020",TOR,118,PHX,101
"Fri, Feb 21, 2020",MIN,117,BOS,127
"Fri, Feb 21, 2020",OKC,113,DEN,101
"Fri, Feb 21, 2020",UTA,104,SAS,113
"Fri, Feb 21, 2020",LAL,117,MEM,105
"Fri, Feb 21, 2020",POR,115,NO,128
"Sat, Feb 22, 2020",LAC,103,SAC,112
"Sat, Feb 22, 2020",CHA,86,BRK,115
"Sat, Feb 22, 2020",ATL,111,DAL,107
"Sat, Feb 22, 2020",CHI,104,PHX,112
"Sat, Feb 22, 2020",MIA,124,CLE,105
"Sat, Feb 22, 2020",MIL,119,PHI,98
"Sat, Feb 22, 2020",UTA,110,HOU,120
"Sun, Feb 23, 2020",LAL,114,BOS,112
"Sun, Feb 23, 2020",DEN,128,MIN,116
"Sun, Feb 23, 2020",TOR,127,IND,81
"Sun, Feb 23, 2020",CHI,126,WAS,117
"Sun, Feb 23, 2020",OKC,131,SAS,103
"Sun, Feb 23, 2020",GSW,101,NO,115
"Sun, Feb 23, 2020",POR,107,DET,104
"Mon, Feb 24, 2020",CLE,125,MIA,119
"Mon, Feb 24, 2020",PHI,129,ATL,112
"Mon, Feb 24, 2020",WAS,134,MIL,137
"Mon, Feb 24, 2020",BRK,113,ORL,115
"Mon, Feb 24, 2020",HOU,123,NYK,112
"Mon, Feb 24, 2020",DAL,139,MIN,123
"Mon, Feb 24, 2020",UTA,111,PHX,131
"Mon, Feb 24, 2020",LAC,124,MEM,97
"Tue, Oct 22, 2019",NO,122,TOR,130
"Tue, Oct 22, 2019",LAL,102,LAC,112
"Wed, Oct 23, 2019",CHI,125,CHA,126
"Wed, Oct 23, 2019",DET,119,IND,110
"Wed, Oct 23, 2019",CLE,85,ORL,94
"Wed, Oct 23, 2019",MIN,127,BRK,126
"Wed, Oct 23, 2019",MEM,101,MIA,120
"Wed, Oct 23, 2019",BOS,93,PHI,107
"Wed, Oct 23, 2019",WAS,100,DAL,108
"Wed, Oct 23, 2019",NYK,111,SAS,120
"Wed, Oct 23, 2019",OKC,95,UTA,100
"Wed, Oct 23, 2019",SAC,95,PHX,124
"Wed, Oct 23, 2019",DEN,108,POR,100
"Thu, Oct 24, 2019",ATL,117,DET,100
"Thu, Oct 24, 2019",MIL,117,HOU,111
"Thu, Oct 24, 2019",LAC,141,GSW,122
"Fri, Oct 25, 2019",TOR,106,BOS,112
"Fri, Oct 25, 2019",MIN,121,CHA,99
"Fri, Oct 25, 2019",NYK,109,BRK,113
"Fri, Oct 25, 2019",CHI,110,MEM,102
"Fri, Oct 25, 2019",DAL,123,NO,116
"Fri, Oct 25, 2019",WAS,97,OKC,85
"Fri, Oct 25, 2019",PHX,107,DEN,108
"Fri, Oct 25, 2019",POR,122,SAC,112
"Fri, Oct 25, 2019",UTA,86,LAL,95
"Sat, Oct 26, 2019",MIA,131,MIL,126
"Sat, Oct 26, 2019",PHI,117,DET,111
"Sat, Oct 26, 2019",ORL,99,ATL,103
"Sat, Oct 26, 2019",BOS,118,NYK,95
"Sat, Oct 26, 2019",TOR,108,CHI,84
"Sat, Oct 26, 2019",IND,99,CLE,110
"Sat, Oct 26, 2019",NO,123,HOU,126
"Sat, Oct 26, 2019",WAS,122,SAS,124
"Sat, Oct 26, 2019",SAC,81,UTA,113
"Sat, Oct 26, 2019",LAC,122,PHX,130
"Sun, Oct 27, 2019",GSW,92,OKC,120
"Sun, Oct 27, 2019",BRK,133,MEM,134
"Sun, Oct 27, 2019",POR,121,DAL,119
"Sun, Oct 27, 2019",MIA,109,MIN,116
"Sun, Oct 27, 2019",CHA,101,LAL,120
"Mon, Oct 28, 2019",CHI,98,NYK,105
"Mon, Oct 28, 2019",IND,94,DET,96
"Mon, Oct 28, 2019",ORL,95,TOR,104
"Mon, Oct 28, 2019",PHI,105,ATL,103
"Mon, Oct 28, 2019",OKC,112,HOU,116
"Mon, Oct 28, 2019",CLE,112,MIL,129
"Mon, Oct 28, 2019",GSW,134,NO,123
"Mon, Oct 28, 2019",POR,110,SAS,113
"Mon, Oct 28, 2019",UTA,96,PHX,95
"Mon, Oct 28, 2019",DEN,101,SAC,94
"Mon, Oct 28, 2019",CHA,96,LAC,111
"Tue, Oct 29, 2019",ATL,97,MIA,112
"Tue, Oct 29, 2019",DAL,109,DEN,106
"Tue, Oct 29, 2019",MEM,91,LAL,120
"Wed, Oct 30, 2019",CHI,111,CLE,117
"Wed, Oct 30, 2019",NYK,83,ORL,95
"Wed, Oct 30, 2019",MIN,95,PHI,117
"Wed, Oct 30, 2019",MIL,105,BOS,116
"Wed, Oct 30, 2019",IND,118,BRK,108
"Wed, Oct 30, 2019",DET,113,TOR,125
"Wed, Oct 30, 2019",POR,102,OKC,99
"Wed, Oct 30, 2019",HOU,159,WAS,158
"Wed, Oct 30, 2019",CHA,118,SAC,111
"Wed, Oct 30, 2019",LAC,96,UTA,110
"Wed, Oct 30, 2019",PHX,121,GSW,110
"Thu, Oct 31, 2019",MIA,106,ATL,97
"Thu, Oct 31, 2019",DEN,107,NO,122
"Thu, Oct 31, 2019",SAS,97,LAC,103
"Fri, Nov 1, 2019",HOU,116,BRK,123
"Fri, Nov 1, 2019",CLE,95,IND,102
"Fri, Nov 1, 2019",MIL,123,ORL,91
"Fri, Nov 1, 2019",NYK,102,BOS,104
"Fri, Nov 1, 2019",DET,106,CHI,112
"Fri, Nov 1, 2019",LAL,119,DAL,110
"Fri, Nov 1, 2019",UTA,101,SAC,102
"Fri, Nov 1, 2019",SAS,127,GSW,110
"Sat, Nov 2, 2019",NO,104,OKC,115
"Sat, Nov 2, 2019",BRK,109,DET,113
"Sat, Nov 2, 2019",DEN,91,ORL,87
"Sat, Nov 2, 2019",PHX,114,MEM,105
"Sat, Nov 2, 2019",TOR,105,MIL,115
"Sat, Nov 2, 2019",MIN,131,WAS,109
"Sat, Nov 2, 2019",CHA,93,GSW,87
"Sat, Nov 2, 2019",PHI,129,POR,128
"Sun, Nov 3, 2019",CHI,95,IND,108
"Sun, Nov 3, 2019",HOU,100,MIA,129
"Sun, Nov 3, 2019",SAC,113,NYK,92
"Sun, Nov 3, 2019",LAL,103,SAS,96
"Sun, Nov 3, 2019",DAL,131,CLE,111
"Sun, Nov 3, 2019",UTA,94,LAC,105
"Mon, Nov 4, 2019",DET,99,WAS,115
"Mon, Nov 4, 2019",NO,125,BRK,135
"Mon, Nov 4, 2019",HOU,107,MEM,100
"Mon, Nov 4, 2019",MIL,134,MIN,106
"Mon, Nov 4, 2019",PHI,109,PHX,114
"Mon, Nov 4, 2019",POR,118,GSW,127
"Tue, Nov 5, 2019",IND,120,CHA,122
"Tue, Nov 5, 2019",BOS,119,CLE,113
"Tue, Nov 5, 2019",SAS,100,ATL,108
"Tue, Nov 5, 2019",LAL,118,CHI,112
"Tue, Nov 5, 2019",ORL,94,OKC,102
"Tue, Nov 5, 2019",MIA,89,DEN,109
"Wed, Nov 6, 2019",NYK,102,DET,122
"Wed, Nov 6, 2019",WAS,106,IND,121
"Wed, Nov 6, 2019",CHI,113,ATL,93
"Wed, Nov 6, 2019",GSW,112,HOU,129
"Wed, Nov 6, 2019",SAC,120,TOR,124
"Wed, Nov 6, 2019",MIN,121,MEM,137
"Wed, Nov 6, 2019",ORL,106,DAL,107
"Wed, Nov 6, 2019",PHI,104,UTA,106
"Wed, Nov 6, 2019",MIL,129,LAC,124
"Thu, Nov 7, 2019",BOS,108,CHA,87
"Thu, Nov 7, 2019",OKC,112,SAS,121
"Thu, Nov 7, 2019",MIA,124,PHX,108
"Thu, Nov 7, 2019",POR,101,LAC,107
"Fri, Nov 8, 2019",DET,106,IND,112
"Fri, Nov 8, 2019",MEM,86,ORL,118
"Fri, Nov 8, 2019",CLE,113,WAS,100
"Fri, Nov 8, 2019",SAC,121,ATL,109
"Fri, Nov 8, 2019",GSW,119,MIN,125
"Fri, Nov 8, 2019",TOR,122,NO,104
"Fri, Nov 8, 2019",NYK,106,DAL,102
"Fri, Nov 8, 2019",PHI,97,DEN,100
"Fri, Nov 8, 2019",MIL,100,UTA,103
"Fri, Nov 8, 2019",BRK,119,POR,115
"Fri, Nov 8, 2019",MIA,80,LAL,95
"Sat, Nov 9, 2019",BOS,135,SAS,115
"Sat, Nov 9, 2019",NO,115,CHA,110
"Sat, Nov 9, 2019",HOU,117,CHI,94
"Sat, Nov 9, 2019",DAL,138,MEM,122
"Sat, Nov 9, 2019",GSW,108,OKC,114
"Sun, Nov 10, 2019",DEN,100,MIN,98
"Sun, Nov 10, 2019",IND,109,ORL,102
"Sun, Nov 10, 2019",CHA,106,PHI,114
"Sun, Nov 10, 2019",MIL,121,OKC,119
"Sun, Nov 10, 2019",CLE,108,NYK,87
"Sun, Nov 10, 2019",BRK,112,PHX,138
"Sun, Nov 10, 2019",ATL,113,POR,124
"Sun, Nov 10, 2019",TOR,113,LAL,104
"Mon, Nov 11, 2019",MIN,120,DET,114
"Mon, Nov 11, 2019",DAL,106,BOS,116
"Mon, Nov 11, 2019",MEM,113,SAS,109
"Mon, Nov 11, 2019",HOU,122,NO,116
"Mon, Nov 11, 2019",UTA,122,GSW,108
"Mon, Nov 11, 2019",TOR,88,LAC,98
"Tue, Nov 12, 2019",OKC,85,IND,111
"Tue, Nov 12, 2019",CLE,97,PHI,98
"Tue, Nov 12, 2019",DET,108,MIA,117
"Tue, Nov 12, 2019",NYK,102,CHI,120
"Tue, Nov 12, 2019",ATL,125,DEN,121
"Tue, Nov 12, 2019",LAL,123,PHX,115
"Tue, Nov 12, 2019",BRK,114,UTA,119
"Tue, Nov 12, 2019",POR,99,SAC,107
"Wed, Nov 13, 2019",MEM,119,CHA,117
"Wed, Nov 13, 2019",PHI,97,ORL,112
"Wed, Nov 13, 2019",WAS,133,BOS,140
"Wed, Nov 13, 2019",LAC,93,HOU,102
"Wed, Nov 13, 2019",SAS,114,MIN,129
"Wed, Nov 13, 2019",GSW,94,LAL,120
"Wed, Nov 13, 2019",TOR,114,POR,106
"Thu, Nov 14, 2019",MIA,108,CLE,97
"Thu, Nov 14, 2019",CHI,115,MIL,124
"Thu, Nov 14, 2019",LAC,127,NO,132
"Thu, Nov 14, 2019",DAL,103,NYK,106
"Thu, Nov 14, 2019",ATL,112,PHX,128
"Thu, Nov 14, 2019",BRK,93,DEN,101
"Fri, Nov 15, 2019",DET,106,CHA,109
"Fri, Nov 15, 2019",SAS,109,ORL,111
"Fri, Nov 15, 2019",IND,102,HOU,111
"Fri, Nov 15, 2019",UTA,106,MEM,107
"Fri, Nov 15, 2019",WAS,137,MIN,116
"Fri, Nov 15, 2019",PHI,119,OKC,127
"Fri, Nov 15, 2019",BOS,105,GSW,100
"Fri, Nov 15, 2019",SAC,97,LAL,99
"Sat, Nov 16, 2019",BRK,117,CHI,111
"Sat, Nov 16, 2019",MIL,102,IND,83
"Sat, Nov 16, 2019",CHA,103,NYK,102
"Sat, Nov 16, 2019",NO,94,MIA,109
"Sat, Nov 16, 2019",HOU,125,MIN,105
"Sat, Nov 16, 2019",TOR,102,DAL,110
"Sat, Nov 16, 2019",POR,121,SAS,116
"Sat, Nov 16, 2019",ATL,101,LAC,150
"Sun, Nov 17, 2019",PHI,114,CLE,95
"Sun, Nov 17, 2019",BOS,99,SAC,100
"Sun, Nov 17, 2019",DEN,131,MEM,114
"Sun, Nov 17, 2019",WAS,121,ORL,125
"Sun, Nov 17, 2019",GSW,100,NO,108
"Sun, Nov 17, 2019",ATL,101,LAL,122
"Mon, Nov 18, 2019",CLE,105,NYK,123
"Mon, Nov 18, 2019",IND,115,BRK,86
"Mon, Nov 18, 2019",CHA,96,TOR,132
"Mon, Nov 18, 2019",MIL,115,CHI,101
"Mon, Nov 18, 2019",POR,108,HOU,132
"Mon, Nov 18, 2019",SAS,110,DAL,117
"Mon, Nov 18, 2019",BOS,99,PHX,85
"Mon, Nov 18, 2019",MIN,112,UTA,102
"Mon, Nov 18, 2019",OKC,88,LAC,90
"Tue, Nov 19, 2019",GSW,114,MEM,95
"Tue, Nov 19, 2019",POR,104,NO,115
"Tue, Nov 19, 2019",PHX,116,SAC,120
"Tue, Nov 19, 2019",OKC,107,LAL,112
"Wed, Nov 20, 2019",NYK,104,PHI,109
"Wed, Nov 20, 2019",SAS,132,WAS,138
"Wed, Nov 20, 2019",MIL,135,ATL,127
"Wed, Nov 20, 2019",CHA,91,BRK,101
"Wed, Nov 20, 2019",GSW,94,DAL,142
"Wed, Nov 20, 2019",CLE,100,MIA,124
"Wed, Nov 20, 2019",ORL,97,TOR,113
"Wed, Nov 20, 2019",DET,89,CHI,109
"Wed, Nov 20, 2019",UTA,103,MIN,95
"Wed, Nov 20, 2019",HOU,95,DEN,105
"Wed, Nov 20, 2019",BOS,104,LAC,107
"Thu, Nov 21, 2019",POR,129,MIL,137
"Thu, Nov 21, 2019",NO,124,PHX,121
"Fri, Nov 22, 2019",ATL,103,DET,128
"Fri, Nov 22, 2019",CHA,118,WAS,125
"Fri, Nov 22, 2019",SAC,97,BRK,116
"Fri, Nov 22, 2019",MIA,116,CHI,108
"Fri, Nov 22, 2019",LAL,130,OKC,127
"Fri, Nov 22, 2019",SAS,104,PHI,115
"Fri, Nov 22, 2019",CLE,101,DAL,143
"Fri, Nov 22, 2019",BOS,92,DEN,96
"Fri, Nov 22, 2019",GSW,109,UTA,113
"Fri, Nov 22, 2019",HOU,119,LAC,122
"Sat, Nov 23, 2019",PHX,100,MIN,98
"Sat, Nov 23, 2019",CHI,116,CHA,115
"Sat, Nov 23, 2019",ORL,106,IND,111
"Sat, Nov 23, 2019",TOR,119,ATL,116
"Sat, Nov 23, 2019",SAS,111,NYK,104
"Sat, Nov 23, 2019",MIA,86,PHI,113
"Sat, Nov 23, 2019",POR,104,CLE,110
"Sat, Nov 23, 2019",LAL,109,MEM,108
"Sat, Nov 23, 2019",DET,90,MIL,104
"Sat, Nov 23, 2019",NO,120,UTA,128
"Sun, Nov 24, 2019",DAL,137,HOU,123
"Sun, Nov 24, 2019",BRK,103,NYK,101
"Sun, Nov 24, 2019",SAC,113,WAS,106
"Sun, Nov 24, 2019",PHX,104,DEN,116
"Sun, Nov 24, 2019",NO,109,LAC,134
"Mon, Nov 25, 2019",BRK,108,CLE,106
"Mon, Nov 25, 2019",ORL,88,DET,103
"Mon, Nov 25, 2019",MEM,114,IND,126
"Mon, Nov 25, 2019",MIN,125,ATL,113
"Mon, Nov 25, 2019",SAC,102,BOS,103
"Mon, Nov 25, 2019",CHA,100,MIA,117
"Mon, Nov 25, 2019",PHI,96,TOR,101
"Mon, Nov 25, 2019",POR,117,CHI,94
"Mon, Nov 25, 2019",UTA,118,MIL,122
"Mon, Nov 25, 2019",LAL,114,SAS,104
"Mon, Nov 25, 2019",OKC,100,GSW,97
"Tue, Nov 26, 2019",LAC,114,DAL,99
"Tue, Nov 26, 2019",WAS,104,DEN,117
"Wed, Nov 27, 2019",BRK,110,BOS,121
"Wed, Nov 27, 2019",DET,101,CHA,102
"Wed, Nov 27, 2019",ORL,116,CLE,104
"Wed, Nov 27, 2019",UTA,102,IND,121
"Wed, Nov 27, 2019",SAC,91,PHI,97
"Wed, Nov 27, 2019",NYK,98,TOR,126
"Wed, Nov 27, 2019",MIA,108,HOU,117
"Wed, Nov 27, 2019",LAC,121,MEM,119
"Wed, Nov 27, 2019",ATL,102,MIL,111
"Wed, Nov 27, 2019",MIN,113,SAS,101
"Wed, Nov 27, 2019",WAS,140,PHX,132
"Wed, Nov 27, 2019",LAL,114,NO,110
"Wed, Nov 27, 2019",OKC,119,POR,136
"Wed, Nov 27, 2019",CHI,90,GSW,104
"Fri, Nov 29, 2019",BOS,107,BRK,112
"Fri, Nov 29, 2019",CHA,110,DET,107
"Fri, Nov 29, 2019",TOR,90,ORL,83
"Fri, Nov 29, 2019",MIL,119,CLE,110
"Fri, Nov 29, 2019",PHI,101,NYK,95
"Fri, Nov 29, 2019",ATL,104,IND,105
"Fri, Nov 29, 2019",UTA,103,MEM,94
"Fri, Nov 29, 2019",GSW,105,MIA,122
"Fri, Nov 29, 2019",NO,104,OKC,109
"Fri, Nov 29, 2019",LAC,97,SAS,107
"Fri, Nov 29, 2019",DAL,120,PHX,113
"Fri, Nov 29, 2019",CHI,103,POR,107
"Fri, Nov 29, 2019",WAS,103,LAL,125
"Sat, Nov 30, 2019",DEN,97,SAC,100
"Sat, Nov 30, 2019",IND,116,PHI,119
"Sat, Nov 30, 2019",ATL,111,HOU,158
"Sat, Nov 30, 2019",CHA,96,MIL,137
"Sun, Dec 1, 2019",MIA,109,BRK,106
"Sun, Dec 1, 2019",MEM,115,MIN,107
"Sun, Dec 1, 2019",BOS,113,NYK,104
"Sun, Dec 1, 2019",DAL,114,LAL,100
"Sun, Dec 1, 2019",SAS,98,DET,132
"Sun, Dec 1, 2019",OKC,107,NO,104
"Sun, Dec 1, 2019",GSW,96,ORL,100
"Sun, Dec 1, 2019",UTA,110,TOR,130
"Sun, Dec 1, 2019",WAS,125,LAC,150
"Mon, Dec 2, 2019",PHX,109,CHA,104
"Mon, Dec 2, 2019",UTA,94,PHI,103
"Mon, Dec 2, 2019",GSW,79,ATL,104
"Mon, Dec 2, 2019",IND,117,MEM,104
"Mon, Dec 2, 2019",NYK,88,MIL,132
"Mon, Dec 2, 2019",CHI,113,SAC,106
"Tue, Dec 3, 2019",DET,127,CLE,94
"Tue, Dec 3, 2019",ORL,127,WAS,120
"Tue, Dec 3, 2019",DAL,118,NO,97
"Tue, Dec 3, 2019",MIA,121,TOR,110
"Tue, Dec 3, 2019",HOU,133,SAS,135
"Tue, Dec 3, 2019",LAL,105,DEN,96
"Tue, Dec 3, 2019",POR,97,LAC,117
"Wed, Dec 4, 2019",GSW,91,CHA,106
"Wed, Dec 4, 2019",MIL,127,DET,103
"Wed, Dec 4, 2019",PHX,114,ORL,128
"Wed, Dec 4, 2019",BRK,130,ATL,118
"Wed, Dec 4, 2019",MIA,93,BOS,112
"Wed, Dec 4, 2019",MEM,99,CHI,106
"Wed, Dec 4, 2019",IND,107,OKC,100
"Wed, Dec 4, 2019",MIN,114,DAL,121
"Wed, Dec 4, 2019",LAL,121,UTA,96
"Wed, Dec 4, 2019",SAC,116,POR,127
"Thu, Dec 5, 2019",PHI,113,WAS,119
"Thu, Dec 5, 2019",DEN,129,NYK,92
"Thu, Dec 5, 2019",HOU,119,TOR,109
"Thu, Dec 5, 2019",PHX,139,NO,132
"Fri, Dec 6, 2019",BRK,111,CHA,104
"Fri, Dec 6, 2019",ORL,93,CLE,87
"Fri, Dec 6, 2019",IND,101,DET,108
"Fri, Dec 6, 2019",DEN,95,BOS,108
"Fri, Dec 6, 2019",GSW,100,CHI,98
"Fri, Dec 6, 2019",WAS,103,MIA,112
"Fri, Dec 6, 2019",MIN,127,OKC,139
"Fri, Dec 6, 2019",LAC,91,MIL,119
"Fri, Dec 6, 2019",SAC,104,SAS,105
"Fri, Dec 6, 2019",LAL,136,POR,113
"Sat, Dec 7, 2019",NO,84,DAL,130
"Sat, Dec 7, 2019",IND,104,NYK,103
"Sat, Dec 7, 2019",CLE,94,PHI,141
"Sat, Dec 7, 2019",PHX,109,HOU,115
"Sat, Dec 7, 2019",MEM,112,UTA,126
"Sun, Dec 8, 2019",DEN,102,BRK,105
"Sun, Dec 8, 2019",ATL,122,CHA,107
"Sun, Dec 8, 2019",CHI,105,MIA,110
"Sun, Dec 8, 2019",TOR,104,PHI,110
"Sun, Dec 8, 2019",LAC,135,WAS,119
"Sun, Dec 8, 2019",SAC,110,DAL,106
"Sun, Dec 8, 2019",OKC,108,POR,96
"Sun, Dec 8, 2019",MIN,125,LAL,142
"Mon, Dec 9, 2019",LAC,110,IND,99
"Mon, Dec 9, 2019",CLE,88,BOS,110
"Mon, Dec 9, 2019",TOR,93,CHI,92
"Mon, Dec 9, 2019",SAC,119,HOU,118
"Mon, Dec 9, 2019",ORL,101,MIL,110
"Mon, Dec 9, 2019",DET,105,NO,103
"Mon, Dec 9, 2019",MIN,109,PHX,125
"Mon, Dec 9, 2019",OKC,104,UTA,90
"Mon, Dec 9, 2019",MEM,110,GSW,102
"Tue, Dec 10, 2019",WAS,107,CHA,114
"Tue, Dec 10, 2019",ATL,121,MIA,135
"Tue, Dec 10, 2019",DEN,92,PHI,97
"Tue, Dec 10, 2019",NYK,87,POR,115
"Wed, Dec 11, 2019",HOU,116,CLE,110
"Wed, Dec 11, 2019",BOS,117,IND,122
"Wed, Dec 11, 2019",LAL,96,ORL,87
"Wed, Dec 11, 2019",LAC,112,TOR,92
"Wed, Dec 11, 2019",CHA,113,BRK,108
"Wed, Dec 11, 2019",ATL,102,CHI,136
"Wed, Dec 11, 2019",UTA,127,MIN,116
"Wed, Dec 11, 2019",MEM,115,PHX,108
"Wed, Dec 11, 2019",NO,112,MIL,127
"Wed, Dec 11, 2019",OKC,93,SAC,94
"Wed, Dec 11, 2019",NYK,124,GSW,122
"Thu, Dec 12, 2019",PHI,115,BOS,109
"Thu, Dec 12, 2019",CLE,117,SAS,109
"Thu, Dec 12, 2019",DAL,122,DET,111
"Thu, Dec 12, 2019",POR,99,DEN,114
"Fri, Dec 13, 2019",LAL,113,MIA,110
"Fri, Dec 13, 2019",HOU,130,ORL,107
"Fri, Dec 13, 2019",NO,109,PHI,116
"Fri, Dec 13, 2019",IND,110,ATL,100
"Fri, Dec 13, 2019",CHA,83,CHI,73
"Fri, Dec 13, 2019",MIL,127,MEM,114
"Fri, Dec 13, 2019",GSW,106,UTA,114
"Fri, Dec 13, 2019",LAC,124,MIN,117
"Fri, Dec 13, 2019",NYK,103,SAC,101
"Sat, Dec 14, 2019",SAS,121,PHX,119
"Sat, Dec 14, 2019",BRK,102,TOR,110
"Sat, Dec 14, 2019",LAC,106,CHI,109
"Sat, Dec 14, 2019",WAS,111,MEM,128
"Sat, Dec 14, 2019",MIA,122,DAL,118
"Sat, Dec 14, 2019",CLE,108,MIL,125
"Sat, Dec 14, 2019",OKC,102,DEN,110
"Sat, Dec 14, 2019",DET,115,HOU,107
"Sun, Dec 15, 2019",ORL,130,NO,119
"Sun, Dec 15, 2019",CHA,85,IND,107
"Sun, Dec 15, 2019",LAL,101,ATL,96
"Sun, Dec 15, 2019",PHI,89,BRK,109
"Sun, Dec 15, 2019",NYK,105,DEN,111
"Sun, Dec 15, 2019",SAC,100,GSW,79
"Mon, Dec 16, 2019",WAS,133,DET,119
"Mon, Dec 16, 2019",CLE,113,TOR,133
"Mon, Dec 16, 2019",SAS,107,HOU,109
"Mon, Dec 16, 2019",MIA,111,MEM,118
"Mon, Dec 16, 2019",DAL,120,MIL,116
"Mon, Dec 16, 2019",CHI,106,OKC,109
"Mon, Dec 16, 2019",POR,111,PHX,110
"Tue, Dec 17, 2019",SAC,102,CHA,110
"Tue, Dec 17, 2019",LAL,102,IND,105
"Tue, Dec 17, 2019",ATL,120,NYK,143
"Tue, Dec 17, 2019",BRK,108,NO,101
"Tue, Dec 17, 2019",ORL,102,UTA,109
"Tue, Dec 17, 2019",PHX,99,LAC,120
"Wed, Dec 18, 2019",CHA,98,CLE,100
"Wed, Dec 18, 2019",TOR,112,DET,99
"Wed, Dec 18, 2019",MIA,108,PHI,104
"Wed, Dec 18, 2019",CHI,110,WAS,109
"Wed, Dec 18, 2019",NO,107,MIN,99
"Wed, Dec 18, 2019",MEM,122,OKC,126
"Wed, Dec 18, 2019",ORL,104,DEN,113
"Wed, Dec 18, 2019",BOS,109,DAL,103
"Wed, Dec 18, 2019",GSW,112,POR,122
"Thu, Dec 19, 2019",UTA,111,ATL,106
"Thu, Dec 19, 2019",LAL,104,MIL,111
"Thu, Dec 19, 2019",BRK,105,SAS,118
"Thu, Dec 19, 2019",HOU,122,LAC,117
"Fri, Dec 20, 2019",MEM,107,CLE,114
"Fri, Dec 20, 2019",SAC,105,IND,119
"Fri, Dec 20, 2019",DET,93,BOS,114
"Fri, Dec 20, 2019",WAS,118,TOR,122
"Fri, Dec 20, 2019",NYK,114,MIA,129
"Fri, Dec 20, 2019",PHX,108,OKC,126
"Fri, Dec 20, 2019",DAL,117,PHI,98
"Fri, Dec 20, 2019",MIN,100,DEN,109
"Fri, Dec 20, 2019",ORL,103,POR,118
"Fri, Dec 20, 2019",NO,102,GSW,106
"Sat, Dec 21, 2019",UTA,114,CHA,107
"Sat, Dec 21, 2019",ATL,112,BRK,122
"Sat, Dec 21, 2019",CHI,119,DET,107
"Sat, Dec 21, 2019",WAS,108,PHI,125
"Sat, Dec 21, 2019",MIL,123,NYK,102
"Sat, Dec 21, 2019",SAC,115,MEM,119
"Sat, Dec 21, 2019",LAC,134,SAS,109
"Sat, Dec 21, 2019",HOU,139,PHX,125
"Sat, Dec 21, 2019",MIN,106,POR,113
"Sun, Dec 22, 2019",DAL,107,TOR,110
"Sun, Dec 22, 2019",CHA,93,BOS,119
"Sun, Dec 22, 2019",IND,89,MIL,117
"Sun, Dec 22, 2019",LAC,112,OKC,118
"Sun, Dec 22, 2019",DEN,128,LAL,104
"Mon, Dec 23, 2019",ATL,118,CLE,121
"Mon, Dec 23, 2019",PHI,125,DET,109
"Mon, Dec 23, 2019",TOR,115,IND,120
"Mon, Dec 23, 2019",WAS,121,NYK,115
"Mon, Dec 23, 2019",CHI,95,ORL,103
"Mon, Dec 23, 2019",UTA,104,MIA,107
"Mon, Dec 23, 2019",SAS,145,MEM,115
"Mon, Dec 23, 2019",DEN,113,PHX,111
"Mon, Dec 23, 2019",NO,102,POR,94
"Mon, Dec 23, 2019",HOU,113,SAC,104
"Mon, Dec 23, 2019",MIN,104,GSW,113
"Wed, Dec 25, 2019",BOS,118,TOR,102
"Wed, Dec 25, 2019",MIL,109,PHI,121
"Wed, Dec 25, 2019",HOU,104,GSW,116
"Wed, Dec 25, 2019",LAC,111,LAL,106
"Wed, Dec 25, 2019",NO,112,DEN,100
"Thu, Dec 26, 2019",WAS,102,DET,132
"Thu, Dec 26, 2019",NYK,94,BRK,82
"Thu, Dec 26, 2019",SAS,98,DAL,102
"Thu, Dec 26, 2019",MEM,110,OKC,97
"Thu, Dec 26, 2019",MIN,105,SAC,104
"Thu, Dec 26, 2019",POR,115,UTA,121
"Fri, Dec 27, 2019",CLE,117,BOS,129
"Fri, Dec 27, 2019",OKC,104,CHA,102
"Fri, Dec 27, 2019",PHI,97,ORL,98
"Fri, Dec 27, 2019",MIL,112,ATL,86
"Fri, Dec 27, 2019",IND,112,MIA,113
"Fri, Dec 27, 2019",PHX,96,GSW,105
"Sat, Dec 28, 2019",MEM,110,DEN,119
"Sat, Dec 28, 2019",TOR,113,BOS,97
"Sat, Dec 28, 2019",IND,98,NO,120
"Sat, Dec 28, 2019",ATL,81,CHI,116
"Sat, Dec 28, 2019",BRK,98,HOU,108
"Sat, Dec 28, 2019",PHI,116,MIA,117
"Sat, Dec 28, 2019",CLE,94,MIN,88
"Sat, Dec 28, 2019",NYK,107,WAS,100
"Sat, Dec 28, 2019",DAL,141,GSW,121
"Sat, Dec 28, 2019",ORL,100,MIL,111
"Sat, Dec 28, 2019",DET,109,SAS,136
"Sat, Dec 28, 2019",PHX,112,SAC,110
"Sat, Dec 28, 2019",LAL,128,POR,120
"Sat, Dec 28, 2019",UTA,120,LAC,107
"Sun, Dec 29, 2019",OKC,98,TOR,97
"Sun, Dec 29, 2019",SAC,115,DEN,120
"Sun, Dec 29, 2019",CHA,104,MEM,117
"Sun, Dec 29, 2019",HOU,112,NO,127
"Sun, Dec 29, 2019",DAL,95,LAL,108
"Mon, Dec 30, 2019",ATL,101,ORL,93
"Mon, Dec 30, 2019",MIA,105,WAS,123
"Mon, Dec 30, 2019",MIL,123,CHI,102
"Mon, Dec 30, 2019",BRK,115,MIN,122
"Mon, Dec 30, 2019",DET,81,UTA,104
"Mon, Dec 30, 2019",PHX,122,POR,116
"Tue, Dec 31, 2019",BOS,109,CHA,92
"Tue, Dec 31, 2019",PHI,97,IND,115
"Tue, Dec 31, 2019",LAC,105,SAC,87
"Tue, Dec 31, 2019",DEN,104,HOU,130
"Tue, Dec 31, 2019",GSW,113,SAS,117
"Tue, Dec 31, 2019",CLE,97,TOR,117
"Tue, Dec 31, 2019",DAL,101,OKC,106
"Wed, Jan 1, 2020",ORL,122,WAS,101
"Wed, Jan 1, 2020",POR,93,NYK,117
"Wed, Jan 1, 2020",MIN,104,MIL,106
"Wed, Jan 1, 2020",PHX,107,LAL,117
"Thu, Jan 2, 2020",CHA,109,CLE,106
"Thu, Jan 2, 2020",DEN,124,IND,116
"Thu, Jan 2, 2020",TOR,76,MIA,84
"Thu, Jan 2, 2020",UTA,102,CHI,98
"Thu, Jan 2, 2020",GSW,84,MIN,99
"Thu, Jan 2, 2020",BRK,111,DAL,123
"Thu, Jan 2, 2020",OKC,109,SAS,103
"Thu, Jan 2, 2020",MEM,123,SAC,128
"Thu, Jan 2, 2020",DET,112,LAC,126
"Fri, Jan 3, 2020",ATL,106,BOS,109
"Fri, Jan 3, 2020",MIA,85,ORL,105
"Fri, Jan 3, 2020",POR,122,WAS,103
"Fri, Jan 3, 2020",PHI,108,HOU,118
"Fri, Jan 3, 2020",NYK,112,PHX,120
"Fri, Jan 3, 2020",NO,113,LAL,123
"Sat, Jan 4, 2020",MEM,140,LAC,114
"Sat, Jan 4, 2020",TOR,121,BRK,102
"Sat, Jan 4, 2020",UTA,109,ORL,96
"Sat, Jan 4, 2020",IND,111,ATL,116
"Sat, Jan 4, 2020",OKC,121,CLE,106
"Sat, Jan 4, 2020",BOS,111,CHI,104
"Sat, Jan 4, 2020",DEN,114,WAS,128
"Sat, Jan 4, 2020",CHA,123,DAL,120
"Sat, Jan 4, 2020",DET,111,GSW,104
"Sat, Jan 4, 2020",SAS,118,MIL,127
"Sat, Jan 4, 2020",NO,117,SAC,115
"Sun, Jan 5, 2020",NYK,132,LAC,135
"Sun, Jan 5, 2020",POR,111,MIA,122
"Sun, Jan 5, 2020",MIN,118,CLE,103
"Sun, Jan 5, 2020",MEM,121,PHX,114
"Sun, Jan 5, 2020",DET,99,LAL,106
"Mon, Jan 6, 2020",IND,115,CHA,104
"Mon, Jan 6, 2020",BRK,89,ORL,101
"Mon, Jan 6, 2020",OKC,113,PHI,120
"Mon, Jan 6, 2020",BOS,94,WAS,99
"Mon, Jan 6, 2020",DEN,123,ATL,115
"Mon, Jan 6, 2020",UTA,128,NO,126
"Mon, Jan 6, 2020",CHI,110,DAL,118
"Mon, Jan 6, 2020",MIL,104,SAS,126
"Mon, Jan 6, 2020",GSW,98,SAC,111
"Tue, Jan 7, 2020",DET,115,CLE,113
"Tue, Jan 7, 2020",POR,101,TOR,99
"Tue, Jan 7, 2020",OKC,111,BRK,103
"Tue, Jan 7, 2020",MIN,112,MEM,119
"Tue, Jan 7, 2020",SAC,114,PHX,103
"Tue, Jan 7, 2020",NYK,87,LAL,117
"Wed, Jan 8, 2020",SAS,129,BOS,114
"Wed, Jan 8, 2020",TOR,112,CHA,110
"Wed, Jan 8, 2020",MIA,122,IND,108
"Wed, Jan 8, 2020",WAS,89,ORL,123
"Wed, Jan 8, 2020",HOU,122,ATL,115
"Wed, Jan 8, 2020",DEN,107,DAL,106
"Wed, Jan 8, 2020",CHI,108,NO,123
"Wed, Jan 8, 2020",NYK,104,UTA,128
"Wed, Jan 8, 2020",MIL,107,GSW,98
"Thu, Jan 9, 2020",CLE,115,DET,112
"Thu, Jan 9, 2020",BOS,98,PHI,109
"Thu, Jan 9, 2020",POR,102,MIN,116
"Thu, Jan 9, 2020",HOU,92,OKC,113
"Fri, Jan 10, 2020",ATL,101,WAS,111
"Fri, Jan 10, 2020",NO,123,NYK,111
"Fri, Jan 10, 2020",MIA,113,BRK,117
"Fri, Jan 10, 2020",IND,116,CHI,105
"Fri, Jan 10, 2020",SAS,121,MEM,134
"Fri, Jan 10, 2020",ORL,94,PHX,98
"Fri, Jan 10, 2020",CHA,92,UTA,109
"Fri, Jan 10, 2020",LAL,129,DAL,114
"Fri, Jan 10, 2020",MIL,127,SAC,106
"Fri, Jan 10, 2020",GSW,100,LAC,109
"Sat, Jan 11, 2020",MIN,109,HOU,139
"Sat, Jan 11, 2020",NO,105,BOS,140
"Sat, Jan 11, 2020",CHI,108,DET,99
"Sat, Jan 11, 2020",LAL,125,OKC,110
"Sat, Jan 11, 2020",PHI,91,DAL,109
"Sat, Jan 11, 2020",CLE,111,DEN,103
"Sat, Jan 11, 2020",MIL,122,POR,101
"Sun, Jan 12, 2020",MIA,121,NYK,124
"Sun, Jan 12, 2020",UTA,127,WAS,116
"Sun, Jan 12, 2020",ATL,86,BRK,108
"Sun, Jan 12, 2020",GSW,102,MEM,122
"Sun, Jan 12, 2020",SAS,105,TOR,104
"Sun, Jan 12, 2020",LAC,104,DEN,114
"Sun, Jan 12, 2020",CHA,92,PHX,100
"Mon, Jan 13, 2020",NO,117,DET,110
"Mon, Jan 13, 2020",PHI,95,IND,101
"Mon, Jan 13, 2020",CHI,101,BOS,113
"Mon, Jan 13, 2020",OKC,117,MIN,104
"Mon, Jan 13, 2020",CHA,112,POR,115
"Mon, Jan 13, 2020",ORL,114,SAC,112
"Mon, Jan 13, 2020",CLE,99,LAL,128
"Tue, Jan 14, 2020",PHX,110,ATL,123
"Tue, Jan 14, 2020",UTA,118,BRK,107
"Tue, Jan 14, 2020",HOU,110,MEM,121
"Tue, Jan 14, 2020",NYK,102,MIL,128
"Tue, Jan 14, 2020",DAL,124,GSW,97
"Tue, Jan 14, 2020",CLE,103,LAC,128
"Wed, Jan 15, 2020",DET,116,BOS,103
"Wed, Jan 15, 2020",BRK,106,PHI,117
"Wed, Jan 15, 2020",SAS,100,MIA,106
"Wed, Jan 15, 2020",WAS,106,CHI,115
"Wed, Jan 15, 2020",IND,104,MIN,99
"Wed, Jan 15, 2020",TOR,130,OKC,121
"Wed, Jan 15, 2020",CHA,86,DEN,100
"Wed, Jan 15, 2020",POR,117,HOU,107
"Wed, Jan 15, 2020",DAL,127,SAC,123
"Wed, Jan 15, 2020",ORL,119,LAL,118
"Thu, Jan 16, 2020",PHX,121,NYK,98
"Thu, Jan 16, 2020",BOS,123,MIL,128
"Thu, Jan 16, 2020",UTA,132,NO,138
"Thu, Jan 16, 2020",DEN,134,GSW,131
"Thu, Jan 16, 2020",ORL,95,LAC,122
"Fri, Jan 17, 2020",MIN,114,IND,116
"Fri, Jan 17, 2020",CHI,89,PHI,100
"Fri, Jan 17, 2020",WAS,111,TOR,140
"Fri, Jan 17, 2020",CLE,109,MEM,113
"Fri, Jan 17, 2020",MIA,115,OKC,108
"Fri, Jan 17, 2020",ATL,121,SAS,120
"Fri, Jan 17, 2020",POR,112,DAL,120
"Sat, Jan 18, 2020",LAC,133,NO,130
"Sat, Jan 18, 2020",MIL,117,BRK,97
"Sat, Jan 18, 2020",PHX,123,BOS,119
"Sat, Jan 18, 2020",DET,136,ATL,103
"Sat, Jan 18, 2020",PHI,90,NYK,87
"Sat, Jan 18, 2020",CLE,116,CHI,118
"Sat, Jan 18, 2020",TOR,122,MIN,112
"Sat, Jan 18, 2020",ORL,95,GSW,109
"Sat, Jan 18, 2020",LAL,124,HOU,115
"Sat, Jan 18, 2020",POR,106,OKC,119
"Sat, Jan 18, 2020",SAC,101,UTA,123
"Sun, Jan 19, 2020",MIA,102,SAS,107
"Sun, Jan 19, 2020",IND,115,DEN,107
"Mon, Jan 20, 2020",DET,100,WAS,106
"Mon, Jan 20, 2020",TOR,122,ATL,117
"Mon, Jan 20, 2020",PHI,117,BRK,111
"Mon, Jan 20, 2020",ORL,106,CHA,83
"Mon, Jan 20, 2020",NYK,106,CLE,86
"Mon, Jan 20, 2020",OKC,112,HOU,107
"Mon, Jan 20, 2020",NO,126,MEM,116
"Mon, Jan 20, 2020",SAC,113,MIA,118
"Mon, Jan 20, 2020",CHI,98,MIL,111
"Mon, Jan 20, 2020",LAL,107,BOS,139
"Mon, Jan 20, 2020",DEN,107,MIN,100
"Mon, Jan 20, 2020",SAS,120,PHX,118
"Mon, Jan 20, 2020",IND,88,UTA,118
"Mon, Jan 20, 2020",GSW,124,POR,129
"Tue, Jan 21, 2020",LAC,110,DAL,107
"Wed, Jan 22, 2020",SAC,106,DET,127
"Wed, Jan 22, 2020",OKC,120,ORL,114
"Wed, Jan 22, 2020",PHI,95,TOR,107
"Wed, Jan 22, 2020",LAC,95,ATL,102
"Wed, Jan 22, 2020",MEM,95,BOS,119
"Wed, Jan 22, 2020",WAS,129,MIA,134
"Wed, Jan 22, 2020",LAL,100,NYK,92
"Wed, Jan 22, 2020",MIN,110,CHI,117
"Wed, Jan 22, 2020",DEN,105,HOU,121
"Wed, Jan 22, 2020",IND,112,PHX,87
"Wed, Jan 22, 2020",SAS,121,NO,117
"Wed, Jan 22, 2020",UTA,129,GSW,96
"Thu, Jan 23, 2020",WAS,124,CLE,112
"Thu, Jan 23, 2020",LAL,128,BRK,113
"Thu, Jan 23, 2020",DAL,133,POR,125
"Fri, Jan 24, 2020",MIL,116,CHA,103
"Fri, Jan 24, 2020",MEM,125,DET,112
"Fri, Jan 24, 2020",BOS,109,ORL,98
"Fri, Jan 24, 2020",TOR,118,NYK,112
"Fri, Jan 24, 2020",SAC,98,CHI,81
"Fri, Jan 24, 2020",LAC,122,MIA,117
"Fri, Jan 24, 2020",HOU,131,MIN,124
"Fri, Jan 24, 2020",DEN,113,NO,106
"Fri, Jan 24, 2020",ATL,111,OKC,140
"Fri, Jan 24, 2020",PHX,103,SAS,99
"Fri, Jan 24, 2020",IND,129,GSW,118
"Sat, Jan 25, 2020",DAL,107,UTA,112
"Sat, Jan 25, 2020",BRK,121,DET,111
"Sat, Jan 25, 2020",CHI,118,CLE,106
"Sat, Jan 25, 2020",OKC,113,MIN,104
"Sat, Jan 25, 2020",LAL,91,PHI,108
"Sun, Jan 26, 2020",HOU,110,DEN,117
"Sun, Jan 26, 2020",TOR,110,SAS,106
"Sun, Jan 26, 2020",WAS,133,ATL,152
"Sun, Jan 26, 2020",PHX,109,MEM,114
"Sun, Jan 26, 2020",BOS,108,NO,123
"Sun, Jan 26, 2020",BRK,97,NYK,110
"Sun, Jan 26, 2020",LAC,112,ORL,97
"Sun, Jan 26, 2020",IND,129,POR,139
"Mon, Jan 27, 2020",CLE,115,DET,100
"Mon, Jan 27, 2020",ORL,92,MIA,113
"Mon, Jan 27, 2020",SAS,109,CHI,110
"Mon, Jan 27, 2020",SAC,133,MIN,129
"Mon, Jan 27, 2020",DAL,107,OKC,97
"Mon, Jan 27, 2020",HOU,126,UTA,117
"Tue, Jan 28, 2020",NYK,92,CHA,97
"Tue, Jan 28, 2020",GSW,104,PHI,115
"Tue, Jan 28, 2020",NO,125,CLE,111
"Tue, Jan 28, 2020",ATL,114,TOR,130
"Tue, Jan 28, 2020",DEN,96,MEM,104
"Tue, Jan 28, 2020",BOS,109,MIA,101
"Tue, Jan 28, 2020",WAS,131,MIL,151
"Tue, Jan 28, 2020",PHX,133,DAL,104
"Wed, Jan 29, 2020",CHI,106,IND,115
"Wed, Jan 29, 2020",DET,115,BRK,125
"Wed, Jan 29, 2020",MEM,127,NYK,106
"Wed, Jan 29, 2020",UTA,120,SAS,127
"Wed, Jan 29, 2020",HOU,112,POR,125
"Wed, Jan 29, 2020",OKC,120,SAC,100
"Thu, Jan 30, 2020",TOR,115,CLE,109
"Thu, Jan 30, 2020",CHA,107,WAS,121
"Thu, Jan 30, 2020",PHI,117,ATL,127
"Thu, Jan 30, 2020",GSW,104,BOS,119
"Thu, Jan 30, 2020",UTA,100,DEN,106
"Thu, Jan 30, 2020",SAC,124,LAC,103
"Fri, Jan 31, 2020",TOR,105,DET,92
"Fri, Jan 31, 2020",CHI,118,BRK,133
"Fri, Jan 31, 2020",DAL,121,HOU,128
"Fri, Jan 31, 2020",MEM,111,NO,139
"Fri, Jan 31, 2020",DEN,127,MIL,115
"Fri, Jan 31, 2020",OKC,111,PHX,107
"Fri, Jan 31, 2020",POR,127,LAL,119
"Sat, Feb 1, 2020",MIN,106,LAC,118
"Sat, Feb 1, 2020",NYK,92,IND,85
"Sat, Feb 1, 2020",MIA,102,ORL,89
"Sat, Feb 1, 2020",GSW,131,CLE,112
"Sat, Feb 1, 2020",BRK,107,WAS,113
"Sat, Feb 1, 2020",PHI,95,BOS,116
"Sat, Feb 1, 2020",ATL,100,DAL,123
"Sat, Feb 1, 2020",CHA,90,SAS,114
"Sat, Feb 1, 2020",LAL,129,SAC,113
"Sat, Feb 1, 2020",UTA,107,POR,124
"Sun, Feb 2, 2020",DEN,123,DET,128
"Sun, Feb 2, 2020",NO,109,HOU,117
"Sun, Feb 2, 2020",PHX,108,MIL,129
"Sun, Feb 2, 2020",CHI,102,TOR,129
"Mon, Feb 3, 2020",ORL,112,CHA,100
"Mon, Feb 3, 2020",NYK,139,CLE,134
"Mon, Feb 3, 2020",DAL,112,IND,103
"Mon, Feb 3, 2020",GSW,125,WAS,117
"Mon, Feb 3, 2020",BOS,123,ATL,115
"Mon, Feb 3, 2020",PHX,97,BRK,119
"Mon, Feb 3, 2020",PHI,106,MIA,137
"Mon, Feb 3, 2020",DET,82,MEM,96
"Mon, Feb 3, 2020",MIN,109,SAC,113
"Mon, Feb 3, 2020",SAS,105,LAC,108
"Tue, Feb 4, 2020",MIL,120,NO,108
"Tue, Feb 4, 2020",CHA,110,HOU,125
"Tue, Feb 4, 2020",POR,99,DEN,127
"Tue, Feb 4, 2020",SAS,102,LAL,129
"Wed, Feb 5, 2020",PHX,108,DET,116
"Wed, Feb 5, 2020",ORL,100,BOS,116
"Wed, Feb 5, 2020",GSW,88,BRK,129
"Wed, Feb 5, 2020",IND,118,TOR,119
"Wed, Feb 5, 2020",ATL,127,MIN,120
"Wed, Feb 5, 2020",CLE,103,OKC,109
"Wed, Feb 5, 2020",MEM,121,DAL,107
"Wed, Feb 5, 2020",DEN,98,UTA,95
"Wed, Feb 5, 2020",MIA,111,LAC,128
"Thu, Feb 6, 2020",ORL,103,NYK,105
"Thu, Feb 6, 2020",NO,125,CHI,119
"Thu, Feb 6, 2020",PHI,101,MIL,112
"Thu, Feb 6, 2020",SAS,117,POR,125
"Thu, Feb 6, 2020",HOU,121,LAL,111
"Fri, Feb 7, 2020",MEM,107,PHI,119
"Fri, Feb 7, 2020",DAL,118,WAS,119
"Fri, Feb 7, 2020",ATL,107,BOS,112
"Fri, Feb 7, 2020",TOR,115,IND,106
"Fri, Feb 7, 2020",DET,101,OKC,108
"Fri, Feb 7, 2020",HOU,91,PHX,127
"Fri, Feb 7, 2020",MIA,97,SAC,105
"Fri, Feb 7, 2020",POR,114,UTA,117
"Sat, Feb 8, 2020",MIL,111,ORL,95
"Sat, Feb 8, 2020",DAL,116,CHA,100
"Sat, Feb 8, 2020",NYK,95,DET,92
"Sat, Feb 8, 2020",NO,124,IND,117
"Sat, Feb 8, 2020",BRK,118,TOR,119
"Sat, Feb 8, 2020",LAC,115,MIN,142
"Sat, Feb 8, 2020",LAL,125,GSW,120
"Sat, Feb 8, 2020",DEN,117,PHX,108
"Sat, Feb 8, 2020",SAS,102,SAC,122
"Sun, Feb 9, 2020",BOS,112,OKC,111
"Sun, Feb 9, 2020",NYK,135,ATL,140
"Sun, Feb 9, 2020",CHI,111,PHI,118
"Sun, Feb 9, 2020",MEM,106,WAS,99
"Sun, Feb 9, 2020",UTA,114,HOU,113
"Sun, Feb 9, 2020",LAC,133,CLE,92
"Sun, Feb 9, 2020",MIA,109,POR,115
"Mon, Feb 10, 2020",CHA,87,DET,76
"Mon, Feb 10, 2020",BRK,106,IND,105
"Mon, Feb 10, 2020",ATL,126,ORL,135
"Mon, Feb 10, 2020",MIN,126,TOR,137
"Mon, Feb 10, 2020",SAC,111,MIL,123
"Mon, Feb 10, 2020",UTA,123,DAL,119
"Mon, Feb 10, 2020",SAS,120,DEN,127
"Mon, Feb 10, 2020",MIA,113,GSW,101
"Mon, Feb 10, 2020",PHX,100,LAL,125
"Tue, Feb 11, 2020",LAC,103,PHI,110
"Tue, Feb 11, 2020",CHI,114,WAS,126
"Tue, Feb 11, 2020",POR,117,NO,138
"Tue, Feb 11, 2020",SAS,114,OKC,106
"Tue, Feb 11, 2020",BOS,105,HOU,116
"Wed, Feb 12, 2020",ATL,105,CLE,127
"Wed, Feb 12, 2020",DET,112,ORL,116
"Wed, Feb 12, 2020",TOR,91,BRK,101
"Wed, Feb 12, 2020",MIL,111,IND,118
"Wed, Feb 12, 2020",WAS,114,NYK,96
"Wed, Feb 12, 2020",POR,104,MEM,111
"Wed, Feb 12, 2020",CHA,115,MIN,108
"Wed, Feb 12, 2020",SAC,111,DAL,130
"Wed, Feb 12, 2020",GSW,106,PHX,112
"Wed, Feb 12, 2020",MIA,101,UTA,116
"Wed, Feb 12, 2020",LAL,120,DEN,116
"Thu, Feb 13, 2020",LAC,133,BOS,141
"Thu, Feb 13, 2020",OKC,123,NO,118
"Thu, Feb 20, 2020",MIL,126,DET,106
"Thu, Feb 20, 2020",MIA,124,ATL,129
"Thu, Feb 20, 2020",CHA,103,CHI,93
"Thu, Feb 20, 2020",BRK,104,PHI,112
"Thu, Feb 20, 2020",MEM,125,SAC,129
"Thu, Feb 20, 2020",HOU,135,GSW,105
"Fri, Feb 21, 2020",DAL,122,ORL,106
"Fri, Feb 21, 2020",CLE,113,WAS,108
"Fri, Feb 21, 2020",IND,106,NYK,98
"Fri, Feb 21, 2020",PHX,101,TOR,118
"Fri, Feb 21, 2020",BOS,127,MIN,117
"Fri, Feb 21, 2020",DEN,101,OKC,113
"Fri, Feb 21, 2020",SAS,113,UTA,104
"Fri, Feb 21, 2020",MEM,105,LAL,117
"Fri, Feb 21, 2020",NO,128,POR,115
"Sat, Feb 22, 2020",SAC,112,LAC,103
"Sat, Feb 22, 2020",BRK,115,CHA,86
"Sat, Feb 22, 2020",DAL,107,ATL,111
"Sat, Feb 22, 2020",PHX,112,CHI,104
"Sat, Feb 22, 2020",CLE,105,MIA,124
"Sat, Feb 22, 2020",PHI,98,MIL,119
"Sat, Feb 22, 2020",HOU,120,UTA,110
"Sun, Feb 23, 2020",BOS,112,LAL,114
"Sun, Feb 23, 2020",MIN,116,DEN,128
"Sun, Feb 23, 2020",IND,81,TOR,127
"Sun, Feb 23, 2020",WAS,117,CHI,126
"Sun, Feb 23, 2020",SAS,103,OKC,131
"Sun, Feb 23, 2020",NO,115,GSW,101
"Sun, Feb 23, 2020",DET,104,POR,107
"Mon, Feb 24, 2020",MIA,119,CLE,125
"Mon, Feb 24, 2020",ATL,112,PHI,129
"Mon, Feb 24, 2020",MIL,137,WAS,134
"Mon, Feb 24, 2020",ORL,115,BRK,113
"Mon, Feb 24, 2020",NYK,112,HOU,123
"Mon, Feb 24, 2020",MIN,123,DAL,139
"Mon, Feb 24, 2020",PHX,131,UTA,111
"Mon, Feb 24, 2020",MEM,97,LAC,124
"Tue, Feb 25, 2020",CHA,80,IND,119
"Tue, Feb 25, 2020",MIL,108,TOR,97
"Tue, Feb 25, 2020",OKC,124,CHI,122
"Tue, Feb 25, 2020",DET,98,DEN,115
"Tue, Feb 25, 2020",NO,109,LAL,118
"Tue, Feb 25, 2020",BOS,118,POR,106
"Tue, Feb 25, 2020",SAC,112,GSW,94
"Tue, Feb 25, 2020",IND,119,CHA,80
"Tue, Feb 25, 2020",TOR,97,MIL,108
"Tue, Feb 25, 2020",CHI,122,OKC,124
"Tue, Feb 25, 2020",DEN,115,DET,98
"Tue, Feb 25, 2020",LAL,118,NO,109
"Tue, Feb 25, 2020",POR,106,BOS,118
"Tue, Feb 25, 2020",GSW,94,SAC,112
"Wed, Feb 26, 2020",NYK,101,CHA,107
"Wed, Feb 26, 2020",PHI,94,CLE,108
"Wed, Feb 26, 2020",BRK,106,WAS,110
"Wed, Feb 26, 2020",ORL,130,ATL,120
"Wed, Feb 26, 2020",MIN,129,MIA,126
"Wed, Feb 26, 2020",MEM,112,HOU,140
"Wed, Feb 26, 2020",DAL,109,SAS,103
"Wed, Feb 26, 2020",LAC,102,PHX,92
"Wed, Feb 26, 2020",BOS,114,UTA,103
"Wed, Feb 26, 2020",CHA,107,NYK,101
"Wed, Feb 26, 2020",CLE,108,PHI,94
"Wed, Feb 26, 2020",WAS,110,BRK,106
"Wed, Feb 26, 2020",ATL,120,ORL,130
"Wed, Feb 26, 2020",MIA,126,MIN,129
"Wed, Feb 26, 2020",HOU,140,MEM,112
"Wed, Feb 26, 2020",SAS,103,DAL,109
"Wed, Feb 26, 2020",PHX,92,LAC,102
"Wed, Feb 26, 2020",UTA,103,BOS,114
2/27/2020,LAL,116,GSW,86
,PHI,115,NYK,106
,POR,100,IND,106
,SAC,108,OKC,112
,GSW,86,LAL,116
,NYK,106,PHI,115
,IND,106,POR,100
,OKC,112,SAC,108
,MIN,125,ORL,136
,BRK,118,ATL,141
,CHA,99,TOR,96
,SAC,104,MEM,101
,DAL,118,MIA,126
,OKC,86,MIL,133
,CLE,104,NO,116
,DET,113,PHX,111
,WAS,119,UTA,129
,DEN,103,LAC,132
,ORL,136,MIN,125
,ATL,141,BRK,118
,TOR,96,CHA,99
,MEM,101,SAC,104
,MIA,126,DAL,118
,MIL,133,OKC,86
,NO,116,CLE,104
,PHX,111,DET,113
,UTA,129,WAS,119
,LAC,132,DEN,103
29-Feb,CHI,115,NYK,125
,POR,117,ATL,129
,BRK,113,MIA,116
,IND,113,CLE,104
,LAL,88,MEM,105
,HOU,111,BOS,110
,ORL,113,SAS,114
,GSW,115,PHX,99
,NYK,125,CHI,115
,ATL,129,POR,117
,MIA,116,BRK,113
,CLE,104,IND,113
,MEM,105,LAL,88
,BOS,110,HOU,111
,SAS,114,ORL,113
,PHX,99,GSW,115
